#URI 1	Label 1	URI 2	Label 2	Confidence	Family votes	Families	System votes	Systems
http://purl.obolibrary.org/obo/MP_0001953	respiratory failure	http://purl.obolibrary.org/obo/DOID_11162	chronic respiratory failure	1.0	9	AML;BioPortal;DisMatch;KEPLER;LogMap;PAXO;POMAP;Tool1;YAM	14	AML;BioPortal;DisMatch_ar;DisMatch_sg;DisMatch_tr;KEPLER;LogMap;LogMapBio;LogMapLite;PAXO_Relaxed;PAXO_Strict;POMAP;Tool1;YAMBIO
http://purl.obolibrary.org/obo/MP_0002811	macrocytic anemia	http://purl.obolibrary.org/obo/DOID_2361	macrocytic anemia	1.0	9	AML;BioPortal;DisMatch;KEPLER;LogMap;PAXO;POMAP;Tool1;YAM	14	AML;BioPortal;DisMatch_ar;DisMatch_sg;DisMatch_tr;KEPLER;LogMap;LogMapBio;LogMapLite;PAXO_Relaxed;PAXO_Strict;POMAP;Tool1;YAMBIO
http://purl.obolibrary.org/obo/MP_0002810	microcytic anemia	http://purl.obolibrary.org/obo/DOID_11252	microcytic anemia	1.0	9	AML;BioPortal;DisMatch;KEPLER;LogMap;PAXO;POMAP;Tool1;YAM	14	AML;BioPortal;DisMatch_ar;DisMatch_sg;DisMatch_tr;KEPLER;LogMap;LogMapBio;LogMapLite;PAXO_Relaxed;PAXO_Strict;POMAP;Tool1;YAMBIO
http://purl.obolibrary.org/obo/MP_0002816	colitis	http://purl.obolibrary.org/obo/DOID_0060180	colitis	1.0	9	AML;BioPortal;DisMatch;KEPLER;LogMap;PAXO;POMAP;Tool1;YAM	14	AML;BioPortal;DisMatch_ar;DisMatch_sg;DisMatch_tr;KEPLER;LogMap;LogMapBio;LogMapLite;PAXO_Relaxed;PAXO_Strict;POMAP;Tool1;YAMBIO
http://purl.obolibrary.org/obo/MP_0009445	osteomalacia	http://purl.obolibrary.org/obo/DOID_10573	osteomalacia	1.0	9	AML;BioPortal;DisMatch;KEPLER;LogMap;PAXO;POMAP;Tool1;YAM	14	AML;BioPortal;DisMatch_ar;DisMatch_sg;DisMatch_tr;KEPLER;LogMap;LogMapBio;LogMapLite;PAXO_Relaxed;PAXO_Strict;POMAP;Tool1;YAMBIO
http://purl.obolibrary.org/obo/MP_0011767	ureterocoele	http://purl.obolibrary.org/obo/DOID_4022	ureterocele	1.0	9	AML;BioPortal;DisMatch;KEPLER;LogMap;PAXO;POMAP;Tool1;YAM	14	AML;BioPortal;DisMatch_ar;DisMatch_sg;DisMatch_tr;KEPLER;LogMap;LogMapBio;LogMapLite;PAXO_Relaxed;PAXO_Strict;POMAP;Tool1;YAMBIO
http://purl.obolibrary.org/obo/MP_0011763	urethritis	http://purl.obolibrary.org/obo/DOID_1343	nongonococcal urethritis (disorder)	1.0	9	AML;BioPortal;DisMatch;KEPLER;LogMap;PAXO;POMAP;Tool1;YAM	14	AML;BioPortal;DisMatch_ar;DisMatch_sg;DisMatch_tr;KEPLER;LogMap;LogMapBio;LogMapLite;PAXO_Relaxed;PAXO_Strict;POMAP;Tool1;YAMBIO
http://purl.obolibrary.org/obo/MP_0000604	amyloidosis	http://purl.obolibrary.org/obo/DOID_9120	amyloidosis	1.0	9	AML;BioPortal;DisMatch;KEPLER;LogMap;PAXO;POMAP;Tool1;YAM	14	AML;BioPortal;DisMatch_ar;DisMatch_sg;DisMatch_tr;KEPLER;LogMap;LogMapBio;LogMapLite;PAXO_Relaxed;PAXO_Strict;POMAP;Tool1;YAMBIO
http://purl.obolibrary.org/obo/MP_0010402	ventricular septal defect	http://purl.obolibrary.org/obo/DOID_1657	ventricular septal defect	1.0	9	AML;BioPortal;DisMatch;KEPLER;LogMap;PAXO;POMAP;Tool1;YAM	14	AML;BioPortal;DisMatch_ar;DisMatch_sg;DisMatch_tr;KEPLER;LogMap;LogMapBio;LogMapLite;PAXO_Relaxed;PAXO_Strict;POMAP;Tool1;YAMBIO
http://purl.obolibrary.org/obo/MP_0000610	biliary stasis	http://purl.obolibrary.org/obo/DOID_13580	obstruction of bile duct	1.0	9	AML;BioPortal;DisMatch;KEPLER;LogMap;PAXO;POMAP;Tool1;YAM	14	AML;BioPortal;DisMatch_ar;DisMatch_sg;DisMatch_tr;KEPLER;LogMap;LogMapBio;LogMapLite;PAXO_Relaxed;PAXO_Strict;POMAP;Tool1;YAMBIO
http://purl.obolibrary.org/obo/MP_0011747	myelosclerosis	http://purl.obolibrary.org/obo/DOID_4971	myelosclerosis	1.0	9	AML;BioPortal;DisMatch;KEPLER;LogMap;PAXO;POMAP;Tool1;YAM	14	AML;BioPortal;DisMatch_ar;DisMatch_sg;DisMatch_tr;KEPLER;LogMap;LogMapBio;LogMapLite;PAXO_Relaxed;PAXO_Strict;POMAP;Tool1;YAMBIO
http://purl.obolibrary.org/obo/MP_0001948	vux	http://purl.obolibrary.org/obo/DOID_9620	vesicoureteral reflux	1.0	9	AML;BioPortal;DisMatch;KEPLER;LogMap;PAXO;POMAP;Tool1;YAM	14	AML;BioPortal;DisMatch_ar;DisMatch_sg;DisMatch_tr;KEPLER;LogMap;LogMapBio;LogMapLite;PAXO_Relaxed;PAXO_Strict;POMAP;Tool1;YAMBIO
http://purl.obolibrary.org/obo/MP_0010412	avc	http://purl.obolibrary.org/obo/DOID_0050651	endocardial cushion defect	1.0	9	AML;BioPortal;DisMatch;KEPLER;LogMap;PAXO;POMAP;Tool1;YAM	14	AML;BioPortal;DisMatch_ar;DisMatch_sg;DisMatch_tr;KEPLER;LogMap;LogMapBio;LogMapLite;PAXO_Relaxed;PAXO_Strict;POMAP;Tool1;YAMBIO
http://purl.obolibrary.org/obo/MP_0005036	diarrhea	http://purl.obolibrary.org/obo/DOID_13250	diarrhoea	1.0	9	AML;BioPortal;DisMatch;KEPLER;LogMap;PAXO;POMAP;Tool1;YAM	14	AML;BioPortal;DisMatch_ar;DisMatch_sg;DisMatch_tr;KEPLER;LogMap;LogMapBio;LogMapLite;PAXO_Relaxed;PAXO_Strict;POMAP;Tool1;YAMBIO
http://purl.obolibrary.org/obo/MP_0008543	atrial fibrillation	http://purl.obolibrary.org/obo/DOID_0060224	a-fib	1.0	9	AML;BioPortal;DisMatch;KEPLER;LogMap;PAXO;POMAP;Tool1;YAM	14	AML;BioPortal;DisMatch_ar;DisMatch_sg;DisMatch_tr;KEPLER;LogMap;LogMapBio;LogMapLite;PAXO_Relaxed;PAXO_Strict;POMAP;Tool1;YAMBIO
http://purl.obolibrary.org/obo/MP_0009877	hyperostosis	http://purl.obolibrary.org/obo/DOID_203	swimmer's exostosis	0.9571428571428571	8	AML;BioPortal;DisMatch;KEPLER;LogMap;PAXO;Tool1;YAM	12	AML;BioPortal;DisMatch_ar;DisMatch_sg;DisMatch_tr;KEPLER;LogMapBio;LogMapLite;PAXO_Relaxed;PAXO_Strict;Tool1;YAMBIO
http://purl.obolibrary.org/obo/MP_0001925	male sterile	http://purl.obolibrary.org/obo/DOID_12336	male infertility	1.0	9	AML;BioPortal;DisMatch;KEPLER;LogMap;PAXO;POMAP;Tool1;YAM	14	AML;BioPortal;DisMatch_ar;DisMatch_sg;DisMatch_tr;KEPLER;LogMap;LogMapBio;LogMapLite;PAXO_Relaxed;PAXO_Strict;POMAP;Tool1;YAMBIO
http://purl.obolibrary.org/obo/MP_0001924	infertility	http://purl.obolibrary.org/obo/DOID_5223	infertility	1.0	9	AML;BioPortal;DisMatch;KEPLER;LogMap;PAXO;POMAP;Tool1;YAM	14	AML;BioPortal;DisMatch_ar;DisMatch_sg;DisMatch_tr;KEPLER;LogMap;LogMapBio;LogMapLite;PAXO_Relaxed;PAXO_Strict;POMAP;Tool1;YAMBIO
http://purl.obolibrary.org/obo/MP_0009860	nephrosclerosis	http://purl.obolibrary.org/obo/DOID_11664	renal sclerosis	1.0	9	AML;BioPortal;DisMatch;KEPLER;LogMap;PAXO;POMAP;Tool1;YAM	14	AML;BioPortal;DisMatch_ar;DisMatch_sg;DisMatch_tr;KEPLER;LogMap;LogMapBio;LogMapLite;PAXO_Relaxed;PAXO_Strict;POMAP;Tool1;YAMBIO
http://purl.obolibrary.org/obo/MP_0008541	leukostasis	http://purl.obolibrary.org/obo/DOID_12986	leukostasis	1.0	9	AML;BioPortal;DisMatch;KEPLER;LogMap;PAXO;POMAP;Tool1;YAM	14	AML;BioPortal;DisMatch_ar;DisMatch_sg;DisMatch_tr;KEPLER;LogMap;LogMapBio;LogMapLite;PAXO_Relaxed;PAXO_Strict;POMAP;Tool1;YAMBIO
http://purl.obolibrary.org/obo/MP_0001559	increased blood glucose level	http://purl.obolibrary.org/obo/DOID_4195	hyperglycemia	1.0	9	AML;BioPortal;DisMatch;KEPLER;LogMap;PAXO;POMAP;Tool1;YAM	14	AML;BioPortal;DisMatch_ar;DisMatch_sg;DisMatch_tr;KEPLER;LogMap;LogMapBio;LogMapLite;PAXO_Relaxed;PAXO_Strict;POMAP;Tool1;YAMBIO
http://purl.obolibrary.org/obo/MP_0003746	stomatitis	http://purl.obolibrary.org/obo/DOID_9637	stomatitis	1.0	9	AML;BioPortal;DisMatch;KEPLER;LogMap;PAXO;POMAP;Tool1;YAM	14	AML;BioPortal;DisMatch_ar;DisMatch_sg;DisMatch_tr;KEPLER;LogMap;LogMapBio;LogMapLite;PAXO_Relaxed;PAXO_Strict;POMAP;Tool1;YAMBIO
http://purl.obolibrary.org/obo/MP_0000231	hypertension	http://purl.obolibrary.org/obo/DOID_10763	hyperpiesia	1.0	9	AML;BioPortal;DisMatch;KEPLER;LogMap;PAXO;POMAP;Tool1;YAM	14	AML;BioPortal;DisMatch_ar;DisMatch_sg;DisMatch_tr;KEPLER;LogMap;LogMapBio;LogMapLite;PAXO_Relaxed;PAXO_Strict;POMAP;Tool1;YAMBIO
http://purl.obolibrary.org/obo/MP_0013546	cleft soft palate	http://purl.obolibrary.org/obo/DOID_0110214	cleft velum	1.0	9	AML;BioPortal;DisMatch;KEPLER;LogMap;PAXO;POMAP;Tool1;YAM	14	AML;BioPortal;DisMatch_ar;DisMatch_sg;DisMatch_tr;KEPLER;LogMap;LogMapBio;LogMapLite;PAXO_Relaxed;PAXO_Strict;POMAP;Tool1;YAMBIO
http://purl.obolibrary.org/obo/MP_0010033	paraphimosis	http://purl.obolibrary.org/obo/DOID_5334	paraphimosis	1.0	9	AML;BioPortal;DisMatch;KEPLER;LogMap;PAXO;POMAP;Tool1;YAM	14	AML;BioPortal;DisMatch_ar;DisMatch_sg;DisMatch_tr;KEPLER;LogMap;LogMapBio;LogMapLite;PAXO_Relaxed;PAXO_Strict;POMAP;Tool1;YAMBIO
http://purl.obolibrary.org/obo/MP_0002872	polycythemia	http://purl.obolibrary.org/obo/DOID_8432	erythrocythemia	1.0	9	AML;BioPortal;DisMatch;KEPLER;LogMap;PAXO;POMAP;Tool1;YAM	14	AML;BioPortal;DisMatch_ar;DisMatch_sg;DisMatch_tr;KEPLER;LogMap;LogMapBio;LogMapLite;PAXO_Relaxed;PAXO_Strict;POMAP;Tool1;YAMBIO
http://purl.obolibrary.org/obo/MP_0010478	intracranial aneurysm	http://purl.obolibrary.org/obo/DOID_10941	intracranial aneurysm	0.9571428571428571	8	AML;BioPortal;DisMatch;KEPLER;LogMap;PAXO;Tool1;YAM	13	AML;BioPortal;DisMatch_ar;DisMatch_sg;DisMatch_tr;KEPLER;LogMap;LogMapBio;LogMapLite;PAXO_Relaxed;PAXO_Strict;Tool1;YAMBIO
http://purl.obolibrary.org/obo/MP_0000644	dextrocardia	http://purl.obolibrary.org/obo/DOID_9565	dextrocardia	1.0	9	AML;BioPortal;DisMatch;KEPLER;LogMap;PAXO;POMAP;Tool1;YAM	14	AML;BioPortal;DisMatch_ar;DisMatch_sg;DisMatch_tr;KEPLER;LogMap;LogMapBio;LogMapLite;PAXO_Relaxed;PAXO_Strict;POMAP;Tool1;YAMBIO
http://purl.obolibrary.org/obo/MP_0005515	uveitis	http://purl.obolibrary.org/obo/DOID_13141	uveitis	1.0	9	AML;BioPortal;DisMatch;KEPLER;LogMap;PAXO;POMAP;Tool1;YAM	14	AML;BioPortal;DisMatch_ar;DisMatch_sg;DisMatch_tr;KEPLER;LogMap;LogMapBio;LogMapLite;PAXO_Relaxed;PAXO_Strict;POMAP;Tool1;YAMBIO
http://purl.obolibrary.org/obo/MP_0002001	blindness	http://purl.obolibrary.org/obo/DOID_1432	blindness	1.0	9	AML;BioPortal;DisMatch;KEPLER;LogMap;PAXO;POMAP;Tool1;YAM	14	AML;BioPortal;DisMatch_ar;DisMatch_sg;DisMatch_tr;KEPLER;LogMap;LogMapBio;LogMapLite;PAXO_Relaxed;PAXO_Strict;POMAP;Tool1;YAMBIO
http://purl.obolibrary.org/obo/MP_0003335	exocrine pancreatic insufficiency	http://purl.obolibrary.org/obo/DOID_13316	exocrine pancreatic insufficiency	1.0	9	AML;BioPortal;DisMatch;KEPLER;LogMap;PAXO;POMAP;Tool1;YAM	14	AML;BioPortal;DisMatch_ar;DisMatch_sg;DisMatch_tr;KEPLER;LogMap;LogMapBio;LogMapLite;PAXO_Relaxed;PAXO_Strict;POMAP;Tool1;YAMBIO
http://purl.obolibrary.org/obo/MP_0003348	pituitary insufficiency	http://purl.obolibrary.org/obo/DOID_9406	pituitary insufficiency	1.0	9	AML;BioPortal;DisMatch;KEPLER;LogMap;PAXO;POMAP;Tool1;YAM	14	AML;BioPortal;DisMatch_ar;DisMatch_sg;DisMatch_tr;KEPLER;LogMap;LogMapBio;LogMapLite;PAXO_Relaxed;PAXO_Strict;POMAP;Tool1;YAMBIO
http://purl.obolibrary.org/obo/MP_0003347	hyperpituitarism	http://purl.obolibrary.org/obo/DOID_2444	hyperpituitarism	1.0	9	AML;BioPortal;DisMatch;KEPLER;LogMap;PAXO;POMAP;Tool1;YAM	14	AML;BioPortal;DisMatch_ar;DisMatch_sg;DisMatch_tr;KEPLER;LogMap;LogMapBio;LogMapLite;PAXO_Relaxed;PAXO_Strict;POMAP;Tool1;YAMBIO
http://purl.obolibrary.org/obo/MP_0013148	mammary gland inflammation	http://purl.obolibrary.org/obo/DOID_10690	breast inflammation	1.0	9	AML;BioPortal;DisMatch;KEPLER;LogMap;PAXO;POMAP;Tool1;YAM	14	AML;BioPortal;DisMatch_ar;DisMatch_sg;DisMatch_tr;KEPLER;LogMap;LogMapBio;LogMapLite;PAXO_Relaxed;PAXO_Strict;POMAP;Tool1;YAMBIO
http://purl.obolibrary.org/obo/MP_0003319	anal fistula	http://purl.obolibrary.org/obo/DOID_0060328	anal fistula	1.0	9	AML;BioPortal;DisMatch;KEPLER;LogMap;PAXO;POMAP;Tool1;YAM	14	AML;BioPortal;DisMatch_ar;DisMatch_sg;DisMatch_tr;KEPLER;LogMap;LogMapBio;LogMapLite;PAXO_Relaxed;PAXO_Strict;POMAP;Tool1;YAMBIO
http://purl.obolibrary.org/obo/MP_0000284	dextraposed ascending aorta	http://purl.obolibrary.org/obo/DOID_6406	dextrotransposition of aorta (disorder)	1.0	9	AML;BioPortal;DisMatch;KEPLER;LogMap;PAXO;POMAP;Tool1;YAM	14	AML;BioPortal;DisMatch_ar;DisMatch_sg;DisMatch_tr;KEPLER;LogMap;LogMapBio;LogMapLite;PAXO_Relaxed;PAXO_Strict;POMAP;Tool1;YAMBIO
http://purl.obolibrary.org/obo/MP_0003328	portal hypertension	http://purl.obolibrary.org/obo/DOID_10762	portal hypertension	1.0	9	AML;BioPortal;DisMatch;KEPLER;LogMap;PAXO;POMAP;Tool1;YAM	14	AML;BioPortal;DisMatch_ar;DisMatch_sg;DisMatch_tr;KEPLER;LogMap;LogMapBio;LogMapLite;PAXO_Relaxed;PAXO_Strict;POMAP;Tool1;YAMBIO
http://purl.obolibrary.org/obo/MP_0005505	increased platelet count	http://purl.obolibrary.org/obo/DOID_2228	thrombocytosis	1.0	9	AML;BioPortal;DisMatch;KEPLER;LogMap;PAXO;POMAP;Tool1;YAM	14	AML;BioPortal;DisMatch_ar;DisMatch_sg;DisMatch_tr;KEPLER;LogMap;LogMapBio;LogMapLite;PAXO_Relaxed;PAXO_Strict;POMAP;Tool1;YAMBIO
http://purl.obolibrary.org/obo/MP_0003307	pyloric stenosis	http://purl.obolibrary.org/obo/DOID_12639	pyloric stenosis	1.0	9	AML;BioPortal;DisMatch;KEPLER;LogMap;PAXO;POMAP;Tool1;YAM	14	AML;BioPortal;DisMatch_ar;DisMatch_sg;DisMatch_tr;KEPLER;LogMap;LogMapBio;LogMapLite;PAXO_Relaxed;PAXO_Strict;POMAP;Tool1;YAMBIO
http://purl.obolibrary.org/obo/MP_0003305	rectitis	http://purl.obolibrary.org/obo/DOID_3127	proctitis	1.0	9	AML;BioPortal;DisMatch;KEPLER;LogMap;PAXO;POMAP;Tool1;YAM	14	AML;BioPortal;DisMatch_ar;DisMatch_sg;DisMatch_tr;KEPLER;LogMap;LogMapBio;LogMapLite;PAXO_Relaxed;PAXO_Strict;POMAP;Tool1;YAMBIO
http://purl.obolibrary.org/obo/MP_0012259	meningeal cyst	http://purl.obolibrary.org/obo/DOID_1088	meningocele	1.0	9	AML;BioPortal;DisMatch;KEPLER;LogMap;PAXO;POMAP;Tool1;YAM	14	AML;BioPortal;DisMatch_ar;DisMatch_sg;DisMatch_tr;KEPLER;LogMap;LogMapBio;LogMapLite;PAXO_Relaxed;PAXO_Strict;POMAP;Tool1;YAMBIO
http://purl.obolibrary.org/obo/MP_0001577	anemia	http://purl.obolibrary.org/obo/DOID_2355	anemia	1.0	9	AML;BioPortal;DisMatch;KEPLER;LogMap;PAXO;POMAP;Tool1;YAM	14	AML;BioPortal;DisMatch_ar;DisMatch_sg;DisMatch_tr;KEPLER;LogMap;LogMapBio;LogMapLite;PAXO_Relaxed;PAXO_Strict;POMAP;Tool1;YAMBIO
http://purl.obolibrary.org/obo/MP_0001585	increased rate of erythrocyte destruction	http://purl.obolibrary.org/obo/DOID_583	anemia hemolytic	1.0	9	AML;BioPortal;DisMatch;KEPLER;LogMap;PAXO;POMAP;Tool1;YAM	14	AML;BioPortal;DisMatch_ar;DisMatch_sg;DisMatch_tr;KEPLER;LogMap;LogMapBio;LogMapLite;PAXO_Relaxed;PAXO_Strict;POMAP;Tool1;YAMBIO
http://purl.obolibrary.org/obo/MP_0014086	hemangioma	http://purl.obolibrary.org/obo/DOID_255	hemangioma	1.0	9	AML;BioPortal;DisMatch;KEPLER;LogMap;PAXO;POMAP;Tool1;YAM	13	AML;BioPortal;DisMatch_ar;DisMatch_sg;DisMatch_tr;KEPLER;LogMapBio;LogMapLite;PAXO_Relaxed;PAXO_Strict;POMAP;Tool1;YAMBIO
http://purl.obolibrary.org/obo/MP_0004254	cerebral amyloid angiopathy	http://purl.obolibrary.org/obo/DOID_9246	dutch hereditary cerebral amyloid angiopathy	1.0	9	AML;BioPortal;DisMatch;KEPLER;LogMap;PAXO;POMAP;Tool1;YAM	14	AML;BioPortal;DisMatch_ar;DisMatch_sg;DisMatch_tr;KEPLER;LogMap;LogMapBio;LogMapLite;PAXO_Relaxed;PAXO_Strict;POMAP;Tool1;YAMBIO
http://purl.obolibrary.org/obo/MP_0003376	absent menstruation	http://purl.obolibrary.org/obo/DOID_13938	absence of menstruation	1.0	9	AML;BioPortal;DisMatch;KEPLER;LogMap;PAXO;POMAP;Tool1;YAM	14	AML;BioPortal;DisMatch_ar;DisMatch_sg;DisMatch_tr;KEPLER;LogMap;LogMapBio;LogMapLite;PAXO_Relaxed;PAXO_Strict;POMAP;Tool1;YAMBIO
http://purl.obolibrary.org/obo/MP_0004225	pfo	http://purl.obolibrary.org/obo/DOID_13620	foramen ovale patent	1.0	9	AML;BioPortal;DisMatch;KEPLER;LogMap;PAXO;POMAP;Tool1;YAM	13	AML;BioPortal;DisMatch_ar;DisMatch_sg;DisMatch_tr;KEPLER;LogMap;LogMapBio;LogMapLite;PAXO_Relaxed;POMAP;Tool1;YAMBIO
http://purl.obolibrary.org/obo/MP_0003390	lymphedema	http://purl.obolibrary.org/obo/DOID_4977	lymphoedema nos	1.0	9	AML;BioPortal;DisMatch;KEPLER;LogMap;PAXO;POMAP;Tool1;YAM	14	AML;BioPortal;DisMatch_ar;DisMatch_sg;DisMatch_tr;KEPLER;LogMap;LogMapBio;LogMapLite;PAXO_Relaxed;PAXO_Strict;POMAP;Tool1;YAMBIO
http://purl.obolibrary.org/obo/MP_0001194	dermatitis	http://purl.obolibrary.org/obo/DOID_2723	skin inflammation	1.0	9	AML;BioPortal;DisMatch;KEPLER;LogMap;PAXO;POMAP;Tool1;YAM	14	AML;BioPortal;DisMatch_ar;DisMatch_sg;DisMatch_tr;KEPLER;LogMap;LogMapBio;LogMapLite;PAXO_Relaxed;PAXO_Strict;POMAP;Tool1;YAMBIO
http://purl.obolibrary.org/obo/MP_0001193	psoriasis	http://purl.obolibrary.org/obo/DOID_8893	psoriasis	1.0	9	AML;BioPortal;DisMatch;KEPLER;LogMap;PAXO;POMAP;Tool1;YAM	14	AML;BioPortal;DisMatch_ar;DisMatch_sg;DisMatch_tr;KEPLER;LogMap;LogMapBio;LogMapLite;PAXO_Relaxed;PAXO_Strict;POMAP;Tool1;YAMBIO
http://purl.obolibrary.org/obo/MP_0006050	lung fibrosis	http://purl.obolibrary.org/obo/DOID_3770	fibrosis of lung	1.0	9	AML;BioPortal;DisMatch;KEPLER;LogMap;PAXO;POMAP;Tool1;YAM	14	AML;BioPortal;DisMatch_ar;DisMatch_sg;DisMatch_tr;KEPLER;LogMap;LogMapBio;LogMapLite;PAXO_Relaxed;PAXO_Strict;POMAP;Tool1;YAMBIO
http://purl.obolibrary.org/obo/MP_0002927	toxic megacolon	http://purl.obolibrary.org/obo/DOID_1770	toxic megacolon	1.0	9	AML;BioPortal;DisMatch;KEPLER;LogMap;PAXO;POMAP;Tool1;YAM	14	AML;BioPortal;DisMatch_ar;DisMatch_sg;DisMatch_tr;KEPLER;LogMap;LogMapBio;LogMapLite;PAXO_Relaxed;PAXO_Strict;POMAP;Tool1;YAMBIO
http://purl.obolibrary.org/obo/MP_0000751	myopathy	http://purl.obolibrary.org/obo/DOID_423	myopathy	1.0	9	AML;BioPortal;DisMatch;KEPLER;LogMap;PAXO;POMAP;Tool1;YAM	14	AML;BioPortal;DisMatch_ar;DisMatch_sg;DisMatch_tr;KEPLER;LogMap;LogMapBio;LogMapLite;PAXO_Relaxed;PAXO_Strict;POMAP;Tool1;YAMBIO
http://purl.obolibrary.org/obo/MP_0006061	right atrial isomerism	http://purl.obolibrary.org/obo/DOID_0060856	ivemark syndrome	1.0	9	AML;BioPortal;DisMatch;KEPLER;LogMap;PAXO;POMAP;Tool1;YAM	14	AML;BioPortal;DisMatch_ar;DisMatch_sg;DisMatch_tr;KEPLER;LogMap;LogMapBio;LogMapLite;PAXO_Relaxed;PAXO_Strict;POMAP;Tool1;YAMBIO
http://purl.obolibrary.org/obo/MP_0011404	kidney pelvis inflammation	http://purl.obolibrary.org/obo/DOID_2744	pyelitis	1.0	9	AML;BioPortal;DisMatch;KEPLER;LogMap;PAXO;POMAP;Tool1;YAM	14	AML;BioPortal;DisMatch_ar;DisMatch_sg;DisMatch_tr;KEPLER;LogMap;LogMapBio;LogMapLite;PAXO_Relaxed;PAXO_Strict;POMAP;Tool1;YAMBIO
http://purl.obolibrary.org/obo/MP_0006034	myoglobinuria	http://purl.obolibrary.org/obo/DOID_0080108	myoglobinuria	1.0	9	AML;BioPortal;DisMatch;KEPLER;LogMap;PAXO;POMAP;Tool1;YAM	14	AML;BioPortal;DisMatch_ar;DisMatch_sg;DisMatch_tr;KEPLER;LogMap;LogMapBio;LogMapLite;PAXO_Relaxed;PAXO_Strict;POMAP;Tool1;YAMBIO
http://purl.obolibrary.org/obo/MP_0005190	osteomyelitis	http://purl.obolibrary.org/obo/DOID_1019	osteomyelitis	1.0	9	AML;BioPortal;DisMatch;KEPLER;LogMap;PAXO;POMAP;Tool1;YAM	14	AML;BioPortal;DisMatch_ar;DisMatch_sg;DisMatch_tr;KEPLER;LogMap;LogMapBio;LogMapLite;PAXO_Relaxed;PAXO_Strict;POMAP;Tool1;YAMBIO
http://purl.obolibrary.org/obo/MP_0005157	holoprosencephaly	http://purl.obolibrary.org/obo/DOID_4621	holoprosencephaly	1.0	9	AML;BioPortal;DisMatch;KEPLER;LogMap;PAXO;POMAP;Tool1;YAM	14	AML;BioPortal;DisMatch_ar;DisMatch_sg;DisMatch_tr;KEPLER;LogMap;LogMapBio;LogMapLite;PAXO_Relaxed;PAXO_Strict;POMAP;Tool1;YAMBIO
http://purl.obolibrary.org/obo/MP_0005159	aspermia	http://purl.obolibrary.org/obo/DOID_14227	spermatogenic failure	1.0	9	AML;BioPortal;DisMatch;KEPLER;LogMap;PAXO;POMAP;Tool1;YAM	14	AML;BioPortal;DisMatch_ar;DisMatch_sg;DisMatch_tr;KEPLER;LogMap;LogMapBio;LogMapLite;PAXO_Relaxed;PAXO_Strict;POMAP;Tool1;YAMBIO
http://purl.obolibrary.org/obo/MP_0010519	av block	http://purl.obolibrary.org/obo/DOID_0050820	av block	1.0	9	AML;BioPortal;DisMatch;KEPLER;LogMap;PAXO;POMAP;Tool1;YAM	14	AML;BioPortal;DisMatch_ar;DisMatch_sg;DisMatch_tr;KEPLER;LogMap;LogMapBio;LogMapLite;PAXO_Relaxed;PAXO_Strict;POMAP;Tool1;YAMBIO
http://purl.obolibrary.org/obo/MP_0010998	alveolar phospholipidosis	http://purl.obolibrary.org/obo/DOID_12120	pulmonary alveolar proteinosis	1.0	9	AML;BioPortal;DisMatch;KEPLER;LogMap;PAXO;POMAP;Tool1;YAM	14	AML;BioPortal;DisMatch_ar;DisMatch_sg;DisMatch_tr;KEPLER;LogMap;LogMapBio;LogMapLite;PAXO_Relaxed;PAXO_Strict;POMAP;Tool1;YAMBIO
http://purl.obolibrary.org/obo/MP_0005152	pancytopenia	http://purl.obolibrary.org/obo/DOID_12450	pancytopenia	1.0	9	AML;BioPortal;DisMatch;KEPLER;LogMap;PAXO;POMAP;Tool1;YAM	14	AML;BioPortal;DisMatch_ar;DisMatch_sg;DisMatch_tr;KEPLER;LogMap;LogMapBio;LogMapLite;PAXO_Relaxed;PAXO_Strict;POMAP;Tool1;YAMBIO
http://purl.obolibrary.org/obo/MP_0010141	lymphangitis	http://purl.obolibrary.org/obo/DOID_9317	lymphangitis	1.0	9	AML;BioPortal;DisMatch;KEPLER;LogMap;PAXO;POMAP;Tool1;YAM	14	AML;BioPortal;DisMatch_ar;DisMatch_sg;DisMatch_tr;KEPLER;LogMap;LogMapBio;LogMapLite;PAXO_Relaxed;PAXO_Strict;POMAP;Tool1;YAMBIO
http://purl.obolibrary.org/obo/MP_0010140	phlebitis	http://purl.obolibrary.org/obo/DOID_864	phlebitis	1.0	9	AML;BioPortal;DisMatch;KEPLER;LogMap;PAXO;POMAP;Tool1;YAM	14	AML;BioPortal;DisMatch_ar;DisMatch_sg;DisMatch_tr;KEPLER;LogMap;LogMapBio;LogMapLite;PAXO_Relaxed;PAXO_Strict;POMAP;Tool1;YAMBIO
http://purl.obolibrary.org/obo/MP_0010146	umbilical hernia	http://purl.obolibrary.org/obo/DOID_0060321	umbilical hernia	1.0	9	AML;BioPortal;DisMatch;KEPLER;LogMap;PAXO;POMAP;Tool1;YAM	14	AML;BioPortal;DisMatch_ar;DisMatch_sg;DisMatch_tr;KEPLER;LogMap;LogMapBio;LogMapLite;PAXO_Relaxed;PAXO_Strict;POMAP;Tool1;YAMBIO
http://purl.obolibrary.org/obo/MP_0002993	arthritis	http://purl.obolibrary.org/obo/DOID_848	arthritis	1.0	9	AML;BioPortal;DisMatch;KEPLER;LogMap;PAXO;POMAP;Tool1;YAM	14	AML;BioPortal;DisMatch_ar;DisMatch_sg;DisMatch_tr;KEPLER;LogMap;LogMapBio;LogMapLite;PAXO_Relaxed;PAXO_Strict;POMAP;Tool1;YAMBIO
http://purl.obolibrary.org/obo/MP_0010139	aorta inflammation	http://purl.obolibrary.org/obo/DOID_519	aortitis	1.0	9	AML;BioPortal;DisMatch;KEPLER;LogMap;PAXO;POMAP;Tool1;YAM	14	AML;BioPortal;DisMatch_ar;DisMatch_sg;DisMatch_tr;KEPLER;LogMap;LogMapBio;LogMapLite;PAXO_Relaxed;PAXO_Strict;POMAP;Tool1;YAMBIO
http://purl.obolibrary.org/obo/MP_0006093	arteriovenous malformation	http://purl.obolibrary.org/obo/DOID_11294	racemose hemangioma (morphologic abnormality)	1.0	9	AML;BioPortal;DisMatch;KEPLER;LogMap;PAXO;POMAP;Tool1;YAM	14	AML;BioPortal;DisMatch_ar;DisMatch_sg;DisMatch_tr;KEPLER;LogMap;LogMapBio;LogMapLite;PAXO_Relaxed;PAXO_Strict;POMAP;Tool1;YAMBIO
http://purl.obolibrary.org/obo/MP_0000315	increased urine hemoglobin level	http://purl.obolibrary.org/obo/DOID_582	hemoglobinuria	1.0	9	AML;BioPortal;DisMatch;KEPLER;LogMap;PAXO;POMAP;Tool1;YAM	14	AML;BioPortal;DisMatch_ar;DisMatch_sg;DisMatch_tr;KEPLER;LogMap;LogMapBio;LogMapLite;PAXO_Relaxed;PAXO_Strict;POMAP;Tool1;YAMBIO
http://purl.obolibrary.org/obo/MP_0003828	pulmonary edema	http://purl.obolibrary.org/obo/DOID_11396	pulmonary edema	1.0	9	AML;BioPortal;DisMatch;KEPLER;LogMap;PAXO;POMAP;Tool1;YAM	14	AML;BioPortal;DisMatch_ar;DisMatch_sg;DisMatch_tr;KEPLER;LogMap;LogMapBio;LogMapLite;PAXO_Relaxed;PAXO_Strict;POMAP;Tool1;YAMBIO
http://purl.obolibrary.org/obo/MP_0006077	inguinal hernia	http://purl.obolibrary.org/obo/DOID_0060320	inguinal hernia	1.0	9	AML;BioPortal;DisMatch;KEPLER;LogMap;PAXO;POMAP;Tool1;YAM	14	AML;BioPortal;DisMatch_ar;DisMatch_sg;DisMatch_tr;KEPLER;LogMap;LogMapBio;LogMapLite;PAXO_Relaxed;PAXO_Strict;POMAP;Tool1;YAMBIO
http://purl.obolibrary.org/obo/MP_0011420	pyuria	http://purl.obolibrary.org/obo/DOID_1439	pus cells in urine	1.0	9	AML;BioPortal;DisMatch;KEPLER;LogMap;PAXO;POMAP;Tool1;YAM	14	AML;BioPortal;DisMatch_ar;DisMatch_sg;DisMatch_tr;KEPLER;LogMap;LogMapBio;LogMapLite;PAXO_Relaxed;PAXO_Strict;POMAP;Tool1;YAMBIO
http://purl.obolibrary.org/obo/MP_0005639	hemosiderosis	http://purl.obolibrary.org/obo/DOID_12119	haemosiderosis 	1.0	9	AML;BioPortal;DisMatch;KEPLER;LogMap;PAXO;POMAP;Tool1;YAM	14	AML;BioPortal;DisMatch_ar;DisMatch_sg;DisMatch_tr;KEPLER;LogMap;LogMapBio;LogMapLite;PAXO_Relaxed;PAXO_Strict;POMAP;Tool1;YAMBIO
http://purl.obolibrary.org/obo/MP_0005638	hemochromatosis	http://purl.obolibrary.org/obo/DOID_2352	diabetes bronze	1.0	9	AML;BioPortal;DisMatch;KEPLER;LogMap;PAXO;POMAP;Tool1;YAM	14	AML;BioPortal;DisMatch_ar;DisMatch_sg;DisMatch_tr;KEPLER;LogMap;LogMapBio;LogMapLite;PAXO_Relaxed;PAXO_Strict;POMAP;Tool1;YAMBIO
http://purl.obolibrary.org/obo/MP_0013251	tooth pulp necrosis	http://purl.obolibrary.org/obo/DOID_11623	pulp necrosis	1.0	9	AML;BioPortal;DisMatch;KEPLER;LogMap;PAXO;POMAP;Tool1;YAM	14	AML;BioPortal;DisMatch_ar;DisMatch_sg;DisMatch_tr;KEPLER;LogMap;LogMapBio;LogMapLite;PAXO_Relaxed;PAXO_Strict;POMAP;Tool1;YAMBIO
http://purl.obolibrary.org/obo/MP_0003415	priapism	http://purl.obolibrary.org/obo/DOID_9286	priapism	1.0	9	AML;BioPortal;DisMatch;KEPLER;LogMap;PAXO;POMAP;Tool1;YAM	14	AML;BioPortal;DisMatch_ar;DisMatch_sg;DisMatch_tr;KEPLER;LogMap;LogMapBio;LogMapLite;PAXO_Relaxed;PAXO_Strict;POMAP;Tool1;YAMBIO
http://purl.obolibrary.org/obo/MP_0004740	sensorineural hearing loss	http://purl.obolibrary.org/obo/DOID_10003	perceptive deafness	1.0	9	AML;BioPortal;DisMatch;KEPLER;LogMap;PAXO;POMAP;Tool1;YAM	14	AML;BioPortal;DisMatch_ar;DisMatch_sg;DisMatch_tr;KEPLER;LogMap;LogMapBio;LogMapLite;PAXO_Relaxed;PAXO_Strict;POMAP;Tool1;YAMBIO
http://purl.obolibrary.org/obo/MP_0005604	hyperekplexia	http://purl.obolibrary.org/obo/DOID_0060695	kok disease	1.0	9	AML;BioPortal;DisMatch;KEPLER;LogMap;PAXO;POMAP;Tool1;YAM	14	AML;BioPortal;DisMatch_ar;DisMatch_sg;DisMatch_tr;KEPLER;LogMap;LogMapBio;LogMapLite;PAXO_Relaxed;PAXO_Strict;POMAP;Tool1;YAMBIO
http://purl.obolibrary.org/obo/MP_0002544	brachydactyly	http://purl.obolibrary.org/obo/DOID_0050581	brachydactyly	1.0	9	AML;BioPortal;DisMatch;KEPLER;LogMap;PAXO;POMAP;Tool1;YAM	14	AML;BioPortal;DisMatch_ar;DisMatch_sg;DisMatch_tr;KEPLER;LogMap;LogMapBio;LogMapLite;PAXO_Relaxed;PAXO_Strict;POMAP;Tool1;YAMBIO
http://purl.obolibrary.org/obo/MP_0011012	bronchiectasia	http://purl.obolibrary.org/obo/DOID_9563	polynesian bronchiectasis	1.0	9	AML;BioPortal;DisMatch;KEPLER;LogMap;PAXO;POMAP;Tool1;YAM	14	AML;BioPortal;DisMatch_ar;DisMatch_sg;DisMatch_tr;KEPLER;LogMap;LogMapBio;LogMapLite;PAXO_Relaxed;PAXO_Strict;POMAP;Tool1;YAMBIO
http://purl.obolibrary.org/obo/MP_0000376	folliculitis	http://purl.obolibrary.org/obo/DOID_4409	folliculitis	1.0	9	AML;BioPortal;DisMatch;KEPLER;LogMap;PAXO;POMAP;Tool1;YAM	14	AML;BioPortal;DisMatch_ar;DisMatch_sg;DisMatch_tr;KEPLER;LogMap;LogMapBio;LogMapLite;PAXO_Relaxed;PAXO_Strict;POMAP;Tool1;YAMBIO
http://purl.obolibrary.org/obo/MP_0003054	spinal dysraphism	http://purl.obolibrary.org/obo/DOID_0080016	spina bifida	1.0	9	AML;BioPortal;DisMatch;KEPLER;LogMap;PAXO;POMAP;Tool1;YAM	14	AML;BioPortal;DisMatch_ar;DisMatch_sg;DisMatch_tr;KEPLER;LogMap;LogMapBio;LogMapLite;PAXO_Relaxed;PAXO_Strict;POMAP;Tool1;YAMBIO
http://purl.obolibrary.org/obo/MP_0014187	spermatocele	http://purl.obolibrary.org/obo/DOID_11997	spermatocele	1.0	9	AML;BioPortal;DisMatch;KEPLER;LogMap;PAXO;POMAP;Tool1;YAM	14	AML;BioPortal;DisMatch_ar;DisMatch_sg;DisMatch_tr;KEPLER;LogMap;LogMapBio;LogMapLite;PAXO_Relaxed;PAXO_Strict;POMAP;Tool1;YAMBIO
http://purl.obolibrary.org/obo/MP_0005245	hemarthrosis	http://purl.obolibrary.org/obo/DOID_801	haemarthrosis of the pelvic region and thigh	1.0	9	AML;BioPortal;DisMatch;KEPLER;LogMap;PAXO;POMAP;Tool1;YAM	14	AML;BioPortal;DisMatch_ar;DisMatch_sg;DisMatch_tr;KEPLER;LogMap;LogMapBio;LogMapLite;PAXO_Relaxed;PAXO_Strict;POMAP;Tool1;YAMBIO
http://purl.obolibrary.org/obo/MP_0005244	hemopericardium	http://purl.obolibrary.org/obo/DOID_11482	haemopericardium	1.0	9	AML;BioPortal;DisMatch;KEPLER;LogMap;PAXO;POMAP;Tool1;YAM	14	AML;BioPortal;DisMatch_ar;DisMatch_sg;DisMatch_tr;KEPLER;LogMap;LogMapBio;LogMapLite;PAXO_Relaxed;PAXO_Strict;POMAP;Tool1;YAMBIO
http://purl.obolibrary.org/obo/MP_0005251	palpebritis	http://purl.obolibrary.org/obo/DOID_9423	blepharitis	0.9571428571428571	8	AML;BioPortal;DisMatch;LogMap;PAXO;POMAP;Tool1;YAM	13	AML;BioPortal;DisMatch_ar;DisMatch_sg;DisMatch_tr;LogMap;LogMapBio;LogMapLite;PAXO_Relaxed;PAXO_Strict;POMAP;Tool1;YAMBIO
http://purl.obolibrary.org/obo/MP_0003046	hepatic cirrhosis	http://purl.obolibrary.org/obo/DOID_5082	cirrhosis	1.0	9	AML;BioPortal;DisMatch;KEPLER;LogMap;PAXO;POMAP;Tool1;YAM	14	AML;BioPortal;DisMatch_ar;DisMatch_sg;DisMatch_tr;KEPLER;LogMap;LogMapBio;LogMapLite;PAXO_Relaxed;PAXO_Strict;POMAP;Tool1;YAMBIO
http://purl.obolibrary.org/obo/MP_0003052	amniocele	http://purl.obolibrary.org/obo/DOID_0060327	omphalocele	1.0	9	AML;BioPortal;DisMatch;KEPLER;LogMap;PAXO;POMAP;Tool1;YAM	14	AML;BioPortal;DisMatch_ar;DisMatch_sg;DisMatch_tr;KEPLER;LogMap;LogMapBio;LogMapLite;PAXO_Relaxed;PAXO_Strict;POMAP;Tool1;YAMBIO
http://purl.obolibrary.org/obo/MP_0001297	microphthalmia	http://purl.obolibrary.org/obo/DOID_10629	nanophthalmia	1.0	9	AML;BioPortal;DisMatch;KEPLER;LogMap;PAXO;POMAP;Tool1;YAM	14	AML;BioPortal;DisMatch_ar;DisMatch_sg;DisMatch_tr;KEPLER;LogMap;LogMapBio;LogMapLite;PAXO_Relaxed;PAXO_Strict;POMAP;Tool1;YAMBIO
http://purl.obolibrary.org/obo/MP_0005654	porphyria	http://purl.obolibrary.org/obo/DOID_13268	hematoporphyria	1.0	9	AML;BioPortal;DisMatch;KEPLER;LogMap;PAXO;POMAP;Tool1;YAM	14	AML;BioPortal;DisMatch_ar;DisMatch_sg;DisMatch_tr;KEPLER;LogMap;LogMapBio;LogMapLite;PAXO_Relaxed;PAXO_Strict;POMAP;Tool1;YAMBIO
http://purl.obolibrary.org/obo/MP_0003007	ectopic thymus	http://purl.obolibrary.org/obo/DOID_6307	ectopic thymus	1.0	9	AML;BioPortal;DisMatch;KEPLER;LogMap;PAXO;POMAP;Tool1;YAM	14	AML;BioPortal;DisMatch_ar;DisMatch_sg;DisMatch_tr;KEPLER;LogMap;LogMapBio;LogMapLite;PAXO_Relaxed;PAXO_Strict;POMAP;Tool1;YAMBIO
http://purl.obolibrary.org/obo/MP_0011516	agu	http://purl.obolibrary.org/obo/DOID_0050461	glycosylasparaginase deficiency	1.0	9	AML;BioPortal;DisMatch;KEPLER;LogMap;PAXO;POMAP;Tool1;YAM	14	AML;BioPortal;DisMatch_ar;DisMatch_sg;DisMatch_tr;KEPLER;LogMap;LogMapBio;LogMapLite;PAXO_Relaxed;PAXO_Strict;POMAP;Tool1;YAMBIO
http://purl.obolibrary.org/obo/MP_0011515	purpurae	http://purl.obolibrary.org/obo/DOID_3326	purpuric disorder	0.9571428571428571	8	AML;BioPortal;DisMatch;KEPLER;LogMap;PAXO;POMAP;YAM	13	AML;BioPortal;DisMatch_ar;DisMatch_sg;DisMatch_tr;KEPLER;LogMap;LogMapBio;LogMapLite;PAXO_Relaxed;PAXO_Strict;POMAP;YAMBIO
http://purl.obolibrary.org/obo/MP_0006151	astigmatism	http://purl.obolibrary.org/obo/DOID_11782	astigmatism	1.0	9	AML;BioPortal;DisMatch;KEPLER;LogMap;PAXO;POMAP;Tool1;YAM	14	AML;BioPortal;DisMatch_ar;DisMatch_sg;DisMatch_tr;KEPLER;LogMap;LogMapBio;LogMapLite;PAXO_Relaxed;PAXO_Strict;POMAP;Tool1;YAMBIO
http://purl.obolibrary.org/obo/MP_0006159	ocular albinism	http://purl.obolibrary.org/obo/DOID_0050633	ocular albinism	1.0	9	AML;BioPortal;DisMatch;KEPLER;LogMap;PAXO;POMAP;Tool1;YAM	14	AML;BioPortal;DisMatch_ar;DisMatch_sg;DisMatch_tr;KEPLER;LogMap;LogMapBio;LogMapLite;PAXO_Relaxed;PAXO_Strict;POMAP;Tool1;YAMBIO
http://purl.obolibrary.org/obo/MP_0009668	ectopic pregnancy	http://purl.obolibrary.org/obo/DOID_0060329	eccyesis	1.0	9	AML;BioPortal;DisMatch;KEPLER;LogMap;PAXO;POMAP;Tool1;YAM	14	AML;BioPortal;DisMatch_ar;DisMatch_sg;DisMatch_tr;KEPLER;LogMap;LogMapBio;LogMapLite;PAXO_Relaxed;PAXO_Strict;POMAP;Tool1;YAMBIO
http://purl.obolibrary.org/obo/MP_0006165	inverted eyelid	http://purl.obolibrary.org/obo/DOID_12397	entropion	1.0	9	AML;BioPortal;DisMatch;KEPLER;LogMap;PAXO;POMAP;Tool1;YAM	14	AML;BioPortal;DisMatch_ar;DisMatch_sg;DisMatch_tr;KEPLER;LogMap;LogMapBio;LogMapLite;PAXO_Relaxed;PAXO_Strict;POMAP;Tool1;YAMBIO
http://purl.obolibrary.org/obo/MP_0006164	ectropion	http://purl.obolibrary.org/obo/DOID_1570	everted margin	1.0	9	AML;BioPortal;DisMatch;KEPLER;LogMap;PAXO;POMAP;Tool1;YAM	14	AML;BioPortal;DisMatch_ar;DisMatch_sg;DisMatch_tr;KEPLER;LogMap;LogMapBio;LogMapLite;PAXO_Relaxed;PAXO_Strict;POMAP;Tool1;YAMBIO
http://purl.obolibrary.org/obo/MP_0005279	narcolepsy	http://purl.obolibrary.org/obo/DOID_8986	narcolepsy	1.0	9	AML;BioPortal;DisMatch;KEPLER;LogMap;PAXO;POMAP;Tool1;YAM	14	AML;BioPortal;DisMatch_ar;DisMatch_sg;DisMatch_tr;KEPLER;LogMap;LogMapBio;LogMapLite;PAXO_Relaxed;PAXO_Strict;POMAP;Tool1;YAMBIO
http://purl.obolibrary.org/obo/MP_0006125	tricuspid valve prolapse	http://purl.obolibrary.org/obo/DOID_5644	tricuspid valve prolapse	1.0	9	AML;BioPortal;DisMatch;KEPLER;LogMap;PAXO;POMAP;Tool1;YAM	14	AML;BioPortal;DisMatch_ar;DisMatch_sg;DisMatch_tr;KEPLER;LogMap;LogMapBio;LogMapLite;PAXO_Relaxed;PAXO_Strict;POMAP;Tool1;YAMBIO
http://purl.obolibrary.org/obo/MP_0006124	tricuspid valve stenosis	http://purl.obolibrary.org/obo/DOID_4078	tricuspid valve stenosis	1.0	9	AML;BioPortal;DisMatch;KEPLER;LogMap;PAXO;POMAP;Tool1;YAM	14	AML;BioPortal;DisMatch_ar;DisMatch_sg;DisMatch_tr;KEPLER;LogMap;LogMapBio;LogMapLite;PAXO_Relaxed;PAXO_Strict;POMAP;Tool1;YAMBIO
http://purl.obolibrary.org/obo/MP_0003099	retinal tear	http://purl.obolibrary.org/obo/DOID_5327	retinal detachment	0.9571428571428571	8	AML;BioPortal;DisMatch;KEPLER;LogMap;PAXO;Tool1;YAM	12	AML;BioPortal;DisMatch_ar;DisMatch_sg;DisMatch_tr;KEPLER;LogMapBio;LogMapLite;PAXO_Relaxed;PAXO_Strict;Tool1;YAMBIO
http://purl.obolibrary.org/obo/MP_0006128	pulmonary valve stenosis	http://purl.obolibrary.org/obo/DOID_6420	pulmonary valve stenosis	1.0	9	AML;BioPortal;DisMatch;KEPLER;LogMap;PAXO;POMAP;Tool1;YAM	14	AML;BioPortal;DisMatch_ar;DisMatch_sg;DisMatch_tr;KEPLER;LogMap;LogMapBio;LogMapLite;PAXO_Relaxed;PAXO_Strict;POMAP;Tool1;YAMBIO
http://purl.obolibrary.org/obo/MP_0006136	varicose veins	http://purl.obolibrary.org/obo/DOID_799	varix	1.0	9	AML;BioPortal;DisMatch;KEPLER;LogMap;PAXO;POMAP;Tool1;YAM	14	AML;BioPortal;DisMatch_ar;DisMatch_sg;DisMatch_tr;KEPLER;LogMap;LogMapBio;LogMapLite;PAXO_Relaxed;PAXO_Strict;POMAP;Tool1;YAMBIO
http://purl.obolibrary.org/obo/MP_0009644	uremia	http://purl.obolibrary.org/obo/DOID_4676	uremia	1.0	9	AML;BioPortal;DisMatch;KEPLER;LogMap;PAXO;POMAP;Tool1;YAM	14	AML;BioPortal;DisMatch_ar;DisMatch_sg;DisMatch_tr;KEPLER;LogMap;LogMapBio;LogMapLite;PAXO_Relaxed;PAXO_Strict;POMAP;Tool1;YAMBIO
http://purl.obolibrary.org/obo/MP_0006138	congestive heart failure	http://purl.obolibrary.org/obo/DOID_6000	chf	1.0	9	AML;BioPortal;DisMatch;KEPLER;LogMap;PAXO;POMAP;Tool1;YAM	14	AML;BioPortal;DisMatch_ar;DisMatch_sg;DisMatch_tr;KEPLER;LogMap;LogMapBio;LogMapLite;PAXO_Relaxed;PAXO_Strict;POMAP;Tool1;YAMBIO
http://purl.obolibrary.org/obo/MP_0005297	spina bifida occulta	http://purl.obolibrary.org/obo/DOID_0080073	spina bifida occulta	1.0	9	AML;BioPortal;DisMatch;KEPLER;LogMap;PAXO;POMAP;Tool1;YAM	14	AML;BioPortal;DisMatch_ar;DisMatch_sg;DisMatch_tr;KEPLER;LogMap;LogMapBio;LogMapLite;PAXO_Relaxed;PAXO_Strict;POMAP;Tool1;YAMBIO
http://purl.obolibrary.org/obo/MP_0005256	cross eyed	http://purl.obolibrary.org/obo/DOID_9840	crossed eyes	1.0	9	AML;BioPortal;DisMatch;KEPLER;LogMap;PAXO;POMAP;Tool1;YAM	14	AML;BioPortal;DisMatch_ar;DisMatch_sg;DisMatch_tr;KEPLER;LogMap;LogMapBio;LogMapLite;PAXO_Relaxed;PAXO_Strict;POMAP;Tool1;YAMBIO
http://purl.obolibrary.org/obo/MP_0005255	exotropia	http://purl.obolibrary.org/obo/DOID_1143	divergent strabismus	1.0	9	AML;BioPortal;DisMatch;KEPLER;LogMap;PAXO;POMAP;Tool1;YAM	14	AML;BioPortal;DisMatch_ar;DisMatch_sg;DisMatch_tr;KEPLER;LogMap;LogMapBio;LogMapLite;PAXO_Relaxed;PAXO_Strict;POMAP;Tool1;YAMBIO
http://purl.obolibrary.org/obo/MP_0005254	strabismus	http://purl.obolibrary.org/obo/DOID_540	strabismus	1.0	9	AML;BioPortal;DisMatch;KEPLER;LogMap;PAXO;POMAP;Tool1;YAM	14	AML;BioPortal;DisMatch_ar;DisMatch_sg;DisMatch_tr;KEPLER;LogMap;LogMapBio;LogMapLite;PAXO_Relaxed;PAXO_Strict;POMAP;Tool1;YAMBIO
http://purl.obolibrary.org/obo/MP_0005258	ocular hypertension	http://purl.obolibrary.org/obo/DOID_9282	ocular hypertension	1.0	9	AML;BioPortal;DisMatch;KEPLER;LogMap;PAXO;POMAP;Tool1;YAM	14	AML;BioPortal;DisMatch_ar;DisMatch_sg;DisMatch_tr;KEPLER;LogMap;LogMapBio;LogMapLite;PAXO_Relaxed;PAXO_Strict;POMAP;Tool1;YAMBIO
http://purl.obolibrary.org/obo/MP_0005260	ocular hypotension	http://purl.obolibrary.org/obo/DOID_790	ocular hypotension	1.0	9	AML;BioPortal;DisMatch;KEPLER;LogMap;PAXO;POMAP;Tool1;YAM	14	AML;BioPortal;DisMatch_ar;DisMatch_sg;DisMatch_tr;KEPLER;LogMap;LogMapBio;LogMapLite;PAXO_Relaxed;PAXO_Strict;POMAP;Tool1;YAMBIO
http://purl.obolibrary.org/obo/MP_0005264	glomerulosclerosis	http://purl.obolibrary.org/obo/DOID_0050851	glomerulosclerosis	1.0	9	AML;BioPortal;DisMatch;KEPLER;LogMap;PAXO;POMAP;Tool1;YAM	14	AML;BioPortal;DisMatch_ar;DisMatch_sg;DisMatch_tr;KEPLER;LogMap;LogMapBio;LogMapLite;PAXO_Relaxed;PAXO_Strict;POMAP;Tool1;YAMBIO
http://purl.obolibrary.org/obo/MP_0005262	coloboma	http://purl.obolibrary.org/obo/DOID_12270	coloboma of macula	1.0	9	AML;BioPortal;DisMatch;KEPLER;LogMap;PAXO;POMAP;Tool1;YAM	14	AML;BioPortal;DisMatch_ar;DisMatch_sg;DisMatch_tr;KEPLER;LogMap;LogMapBio;LogMapLite;PAXO_Relaxed;PAXO_Strict;POMAP;Tool1;YAMBIO
http://purl.obolibrary.org/obo/MP_0005261	aniridia	http://purl.obolibrary.org/obo/DOID_12271	aplasia of iris	1.0	9	AML;BioPortal;DisMatch;KEPLER;LogMap;PAXO;POMAP;Tool1;YAM	14	AML;BioPortal;DisMatch_ar;DisMatch_sg;DisMatch_tr;KEPLER;LogMap;LogMapBio;LogMapLite;PAXO_Relaxed;PAXO_Strict;POMAP;Tool1;YAMBIO
http://purl.obolibrary.org/obo/MP_0006118	aortic valve prolapse	http://purl.obolibrary.org/obo/DOID_5232	aortic valve prolapse	1.0	9	AML;BioPortal;DisMatch;KEPLER;LogMap;PAXO;POMAP;Tool1;YAM	14	AML;BioPortal;DisMatch_ar;DisMatch_sg;DisMatch_tr;KEPLER;LogMap;LogMapBio;LogMapLite;PAXO_Relaxed;PAXO_Strict;POMAP;Tool1;YAMBIO
http://purl.obolibrary.org/obo/MP_0006117	aortic valvar stenosis	http://purl.obolibrary.org/obo/DOID_1712	aortic valve stenosis	1.0	9	AML;BioPortal;DisMatch;KEPLER;LogMap;PAXO;POMAP;Tool1;YAM	14	AML;BioPortal;DisMatch_ar;DisMatch_sg;DisMatch_tr;KEPLER;LogMap;LogMapBio;LogMapLite;PAXO_Relaxed;PAXO_Strict;POMAP;Tool1;YAMBIO
http://purl.obolibrary.org/obo/MP_0020400	increased urine cystine level	http://purl.obolibrary.org/obo/DOID_9266	cystinuria	1.0	9	AML;BioPortal;DisMatch;KEPLER;LogMap;PAXO;POMAP;Tool1;YAM	14	AML;BioPortal;DisMatch_ar;DisMatch_sg;DisMatch_tr;KEPLER;LogMap;LogMapBio;LogMapLite;PAXO_Relaxed;PAXO_Strict;POMAP;Tool1;YAMBIO
http://purl.obolibrary.org/obo/MP_0006122	mitral valve stenosis	http://purl.obolibrary.org/obo/DOID_1754	mitral valve stenosis	1.0	9	AML;BioPortal;DisMatch;KEPLER;LogMap;PAXO;POMAP;Tool1;YAM	14	AML;BioPortal;DisMatch_ar;DisMatch_sg;DisMatch_tr;KEPLER;LogMap;LogMapBio;LogMapLite;PAXO_Relaxed;PAXO_Strict;POMAP;Tool1;YAMBIO
http://purl.obolibrary.org/obo/MP_0006120	mitral valvar prolapse	http://purl.obolibrary.org/obo/DOID_988	mitral valve prolapse	1.0	9	AML;BioPortal;DisMatch;KEPLER;LogMap;PAXO;POMAP;Tool1;YAM	14	AML;BioPortal;DisMatch_ar;DisMatch_sg;DisMatch_tr;KEPLER;LogMap;LogMapBio;LogMapLite;PAXO_Relaxed;PAXO_Strict;POMAP;Tool1;YAMBIO
http://purl.obolibrary.org/obo/MP_0001326	retinal degeneration	http://purl.obolibrary.org/obo/DOID_8466	retinal degeneration	1.0	9	AML;BioPortal;DisMatch;KEPLER;LogMap;PAXO;POMAP;Tool1;YAM	14	AML;BioPortal;DisMatch_ar;DisMatch_sg;DisMatch_tr;KEPLER;LogMap;LogMapBio;LogMapLite;PAXO_Relaxed;PAXO_Strict;POMAP;Tool1;YAMBIO
http://purl.obolibrary.org/obo/MP_0003506	increased growth hormone secretion	http://purl.obolibrary.org/obo/DOID_2449	acromegaly	1.0	9	AML;BioPortal;DisMatch;KEPLER;LogMap;PAXO;POMAP;Tool1;YAM	14	AML;BioPortal;DisMatch_ar;DisMatch_sg;DisMatch_tr;KEPLER;LogMap;LogMapBio;LogMapLite;PAXO_Relaxed;PAXO_Strict;POMAP;Tool1;YAMBIO
http://purl.obolibrary.org/obo/MP_0003985	kidney fibrosis	http://purl.obolibrary.org/obo/DOID_0050855	renal fibrosis	1.0	9	AML;BioPortal;DisMatch;KEPLER;LogMap;PAXO;POMAP;Tool1;YAM	14	AML;BioPortal;DisMatch_ar;DisMatch_sg;DisMatch_tr;KEPLER;LogMap;LogMapBio;LogMapLite;PAXO_Relaxed;PAXO_Strict;POMAP;Tool1;YAMBIO
http://purl.obolibrary.org/obo/MP_0013753	tracheomalacia	http://purl.obolibrary.org/obo/DOID_0060313	congenital tracheomalacia	1.0	9	AML;BioPortal;DisMatch;KEPLER;LogMap;PAXO;POMAP;Tool1;YAM	14	AML;BioPortal;DisMatch_ar;DisMatch_sg;DisMatch_tr;KEPLER;LogMap;LogMapBio;LogMapLite;PAXO_Relaxed;PAXO_Strict;POMAP;Tool1;YAMBIO
http://purl.obolibrary.org/obo/MP_0001304	lens opacity	http://purl.obolibrary.org/obo/DOID_83	cataract	1.0	9	AML;BioPortal;DisMatch;KEPLER;LogMap;PAXO;POMAP;Tool1;YAM	14	AML;BioPortal;DisMatch_ar;DisMatch_sg;DisMatch_tr;KEPLER;LogMap;LogMapBio;LogMapLite;PAXO_Relaxed;PAXO_Strict;POMAP;Tool1;YAMBIO
http://purl.obolibrary.org/obo/MP_0009274	buphthalmos	http://purl.obolibrary.org/obo/DOID_11211	buphthalmos	1.0	9	AML;BioPortal;DisMatch;KEPLER;LogMap;PAXO;POMAP;Tool1;YAM	14	AML;BioPortal;DisMatch_ar;DisMatch_sg;DisMatch_tr;KEPLER;LogMap;LogMapBio;LogMapLite;PAXO_Relaxed;PAXO_Strict;POMAP;Tool1;YAMBIO
http://purl.obolibrary.org/obo/MP_0013732	ripe cataract	http://purl.obolibrary.org/obo/DOID_13717	mature cataract	1.0	9	AML;BioPortal;DisMatch;KEPLER;LogMap;PAXO;POMAP;Tool1;YAM	14	AML;BioPortal;DisMatch_ar;DisMatch_sg;DisMatch_tr;KEPLER;LogMap;LogMapBio;LogMapLite;PAXO_Relaxed;PAXO_Strict;POMAP;Tool1;YAMBIO
http://purl.obolibrary.org/obo/MP_0013731	cataracta immatura	http://purl.obolibrary.org/obo/DOID_10997	water clefts	1.0	9	AML;BioPortal;DisMatch;KEPLER;LogMap;PAXO;POMAP;Tool1;YAM	14	AML;BioPortal;DisMatch_ar;DisMatch_sg;DisMatch_tr;KEPLER;LogMap;LogMapBio;LogMapLite;PAXO_Relaxed;PAXO_Strict;POMAP;Tool1;YAMBIO
http://purl.obolibrary.org/obo/MP_0000433	microcephaly	http://purl.obolibrary.org/obo/DOID_10907	microcephalus	0.9571428571428571	8	AML;BioPortal;DisMatch;KEPLER;LogMap;PAXO;Tool1;YAM	11	AML;BioPortal;DisMatch_ar;DisMatch_sg;DisMatch_tr;KEPLER;LogMapLite;PAXO_Relaxed;PAXO_Strict;Tool1;YAMBIO
http://purl.obolibrary.org/obo/MP_0006194	keratoconjunctivitis	http://purl.obolibrary.org/obo/DOID_9368	keratoconjunctivitis	1.0	9	AML;BioPortal;DisMatch;KEPLER;LogMap;PAXO;POMAP;Tool1;YAM	14	AML;BioPortal;DisMatch_ar;DisMatch_sg;DisMatch_tr;KEPLER;LogMap;LogMapBio;LogMapLite;PAXO_Relaxed;PAXO_Strict;POMAP;Tool1;YAMBIO
http://purl.obolibrary.org/obo/MP_0006199	hypertropia	http://purl.obolibrary.org/obo/DOID_9837	hypertropia	1.0	9	AML;BioPortal;DisMatch;KEPLER;LogMap;PAXO;POMAP;Tool1;YAM	14	AML;BioPortal;DisMatch_ar;DisMatch_sg;DisMatch_tr;KEPLER;LogMap;LogMapBio;LogMapLite;PAXO_Relaxed;PAXO_Strict;POMAP;Tool1;YAMBIO
http://purl.obolibrary.org/obo/MP_0006198	sunken eyes	http://purl.obolibrary.org/obo/DOID_11175	enophthalmos	1.0	9	AML;BioPortal;DisMatch;KEPLER;LogMap;PAXO;POMAP;Tool1;YAM	14	AML;BioPortal;DisMatch_ar;DisMatch_sg;DisMatch_tr;KEPLER;LogMap;LogMapBio;LogMapLite;PAXO_Relaxed;PAXO_Strict;POMAP;Tool1;YAMBIO
http://purl.obolibrary.org/obo/MP_0006190	retinal ischemia	http://purl.obolibrary.org/obo/DOID_12510	retinal ischemia	1.0	9	AML;BioPortal;DisMatch;KEPLER;LogMap;PAXO;POMAP;Tool1;YAM	14	AML;BioPortal;DisMatch_ar;DisMatch_sg;DisMatch_tr;KEPLER;LogMap;LogMapBio;LogMapLite;PAXO_Relaxed;PAXO_Strict;POMAP;Tool1;YAMBIO
http://purl.obolibrary.org/obo/MP_0000414	alopecia	http://purl.obolibrary.org/obo/DOID_987	alopecia	1.0	9	AML;BioPortal;DisMatch;KEPLER;LogMap;PAXO;POMAP;Tool1;YAM	14	AML;BioPortal;DisMatch_ar;DisMatch_sg;DisMatch_tr;KEPLER;LogMap;LogMapBio;LogMapLite;PAXO_Relaxed;PAXO_Strict;POMAP;Tool1;YAMBIO
http://purl.obolibrary.org/obo/MP_0008387	hypochromic anemia	http://purl.obolibrary.org/obo/DOID_11759	anemia hypochromic	1.0	9	AML;BioPortal;DisMatch;KEPLER;LogMap;PAXO;POMAP;Tool1;YAM	14	AML;BioPortal;DisMatch_ar;DisMatch_sg;DisMatch_tr;KEPLER;LogMap;LogMapBio;LogMapLite;PAXO_Relaxed;PAXO_Strict;POMAP;Tool1;YAMBIO
http://purl.obolibrary.org/obo/MP_0008388	microcytic hypochromic anemia	http://purl.obolibrary.org/obo/DOID_0050642	hypochromic microcytic anemia	1.0	9	AML;BioPortal;DisMatch;KEPLER;LogMap;PAXO;POMAP;Tool1;YAM	14	AML;BioPortal;DisMatch_ar;DisMatch_sg;DisMatch_tr;KEPLER;LogMap;LogMapBio;LogMapLite;PAXO_Relaxed;PAXO_Strict;POMAP;Tool1;YAMBIO
http://purl.obolibrary.org/obo/MP_0000066	reduced bone mass	http://purl.obolibrary.org/obo/DOID_11476	osteoporosis	1.0	9	AML;BioPortal;DisMatch;KEPLER;LogMap;PAXO;POMAP;Tool1;YAM	14	AML;BioPortal;DisMatch_ar;DisMatch_sg;DisMatch_tr;KEPLER;LogMap;LogMapBio;LogMapLite;PAXO_Relaxed;PAXO_Strict;POMAP;Tool1;YAMBIO
http://purl.obolibrary.org/obo/MP_0000067	osteopetrosis	http://purl.obolibrary.org/obo/DOID_13533	albers-schonberg disease	1.0	9	AML;BioPortal;DisMatch;KEPLER;LogMap;PAXO;POMAP;Tool1;YAM	14	AML;BioPortal;DisMatch_ar;DisMatch_sg;DisMatch_tr;KEPLER;LogMap;LogMapBio;LogMapLite;PAXO_Relaxed;PAXO_Strict;POMAP;Tool1;YAMBIO
http://purl.obolibrary.org/obo/MP_0003100	myopia	http://purl.obolibrary.org/obo/DOID_11830	myopia	1.0	9	AML;BioPortal;DisMatch;KEPLER;LogMap;PAXO;POMAP;Tool1;YAM	14	AML;BioPortal;DisMatch_ar;DisMatch_sg;DisMatch_tr;KEPLER;LogMap;LogMapBio;LogMapLite;PAXO_Relaxed;PAXO_Strict;POMAP;Tool1;YAMBIO
http://purl.obolibrary.org/obo/MP_0003554	phimosis	http://purl.obolibrary.org/obo/DOID_2712	tight frenulum	1.0	9	AML;BioPortal;DisMatch;KEPLER;LogMap;PAXO;POMAP;Tool1;YAM	14	AML;BioPortal;DisMatch_ar;DisMatch_sg;DisMatch_tr;KEPLER;LogMap;LogMapBio;LogMapLite;PAXO_Relaxed;PAXO_Strict;POMAP;Tool1;YAMBIO
http://purl.obolibrary.org/obo/MP_0011174	lipodystrophy	http://purl.obolibrary.org/obo/DOID_811	lipodystrophy	0.9571428571428571	8	AML;BioPortal;DisMatch;KEPLER;LogMap;PAXO;POMAP;YAM	13	AML;BioPortal;DisMatch_ar;DisMatch_sg;DisMatch_tr;KEPLER;LogMap;LogMapBio;LogMapLite;PAXO_Relaxed;PAXO_Strict;POMAP;YAMBIO
http://purl.obolibrary.org/obo/MP_0013370	absent sweating	http://purl.obolibrary.org/obo/DOID_11156	adiaphoresis	1.0	9	AML;BioPortal;DisMatch;KEPLER;LogMap;PAXO;POMAP;Tool1;YAM	14	AML;BioPortal;DisMatch_ar;DisMatch_sg;DisMatch_tr;KEPLER;LogMap;LogMapBio;LogMapLite;PAXO_Relaxed;PAXO_Strict;POMAP;Tool1;YAMBIO
http://purl.obolibrary.org/obo/MP_0013371	reduced sweating	http://purl.obolibrary.org/obo/DOID_11155	hypohidrosis (disorder)	1.0	9	AML;BioPortal;DisMatch;KEPLER;LogMap;PAXO;POMAP;Tool1;YAM	14	AML;BioPortal;DisMatch_ar;DisMatch_sg;DisMatch_tr;KEPLER;LogMap;LogMapBio;LogMapLite;PAXO_Relaxed;PAXO_Strict;POMAP;Tool1;YAMBIO
http://purl.obolibrary.org/obo/MP_0003560	osteoarthrosis	http://purl.obolibrary.org/obo/DOID_8398	degenerative joint disease	1.0	9	AML;BioPortal;DisMatch;KEPLER;LogMap;PAXO;POMAP;Tool1;YAM	14	AML;BioPortal;DisMatch_ar;DisMatch_sg;DisMatch_tr;KEPLER;LogMap;LogMapBio;LogMapLite;PAXO_Relaxed;PAXO_Strict;POMAP;Tool1;YAMBIO
http://purl.obolibrary.org/obo/MP_0003561	rheumatoid arthritis	http://purl.obolibrary.org/obo/DOID_7148	rheumatoid arthritis	1.0	9	AML;BioPortal;DisMatch;KEPLER;LogMap;PAXO;POMAP;Tool1;YAM	14	AML;BioPortal;DisMatch_ar;DisMatch_sg;DisMatch_tr;KEPLER;LogMap;LogMapBio;LogMapLite;PAXO_Relaxed;PAXO_Strict;POMAP;Tool1;YAMBIO
http://purl.obolibrary.org/obo/MP_0004897	otosclerosis	http://purl.obolibrary.org/obo/DOID_12185	otosclerosis	1.0	9	AML;BioPortal;DisMatch;KEPLER;LogMap;PAXO;POMAP;Tool1;YAM	14	AML;BioPortal;DisMatch_ar;DisMatch_sg;DisMatch_tr;KEPLER;LogMap;LogMapBio;LogMapLite;PAXO_Relaxed;PAXO_Strict;POMAP;Tool1;YAMBIO
http://purl.obolibrary.org/obo/MP_0003548	pulmonary hypertension	http://purl.obolibrary.org/obo/DOID_6432	pulmonary hypertension	1.0	9	AML;BioPortal;DisMatch;KEPLER;LogMap;PAXO;POMAP;Tool1;YAM	14	AML;BioPortal;DisMatch_ar;DisMatch_sg;DisMatch_tr;KEPLER;LogMap;LogMapBio;LogMapLite;PAXO_Relaxed;PAXO_Strict;POMAP;Tool1;YAMBIO
http://purl.obolibrary.org/obo/MP_0011164	hypodermal fat layer inflammation	http://purl.obolibrary.org/obo/DOID_1526	panniculitis	1.0	9	AML;BioPortal;DisMatch;KEPLER;LogMap;PAXO;POMAP;Tool1;YAM	14	AML;BioPortal;DisMatch_ar;DisMatch_sg;DisMatch_tr;KEPLER;LogMap;LogMapBio;LogMapLite;PAXO_Relaxed;PAXO_Strict;POMAP;Tool1;YAMBIO
http://purl.obolibrary.org/obo/MP_0003991	arteriosclerosis	http://purl.obolibrary.org/obo/DOID_2349	arteriosclerosis nos	1.0	9	AML;BioPortal;DisMatch;KEPLER;LogMap;PAXO;POMAP;Tool1;YAM	14	AML;BioPortal;DisMatch_ar;DisMatch_sg;DisMatch_tr;KEPLER;LogMap;LogMapBio;LogMapLite;PAXO_Relaxed;PAXO_Strict;POMAP;Tool1;YAMBIO
http://purl.obolibrary.org/obo/MP_0001349	excessive lachrymation	http://purl.obolibrary.org/obo/DOID_13757	watering eye	1.0	9	AML;BioPortal;DisMatch;KEPLER;LogMap;PAXO;POMAP;Tool1;YAM	14	AML;BioPortal;DisMatch_ar;DisMatch_sg;DisMatch_tr;KEPLER;LogMap;LogMapBio;LogMapLite;PAXO_Relaxed;PAXO_Strict;POMAP;Tool1;YAMBIO
http://purl.obolibrary.org/obo/MP_0000493	rectal prolapse	http://purl.obolibrary.org/obo/DOID_9307	procidentia, rectum	1.0	9	AML;BioPortal;DisMatch;KEPLER;LogMap;PAXO;POMAP;Tool1;YAM	14	AML;BioPortal;DisMatch_ar;DisMatch_sg;DisMatch_tr;KEPLER;LogMap;LogMapBio;LogMapLite;PAXO_Relaxed;PAXO_Strict;POMAP;Tool1;YAMBIO
http://purl.obolibrary.org/obo/MP_0008869	anovulation	http://purl.obolibrary.org/obo/DOID_3781	anovulation	1.0	9	AML;BioPortal;DisMatch;KEPLER;LogMap;PAXO;POMAP;Tool1;YAM	14	AML;BioPortal;DisMatch_ar;DisMatch_sg;DisMatch_tr;KEPLER;LogMap;LogMapBio;LogMapLite;PAXO_Relaxed;PAXO_Strict;POMAP;Tool1;YAMBIO
http://purl.obolibrary.org/obo/MP_0003179	decreased platelet count	http://purl.obolibrary.org/obo/DOID_1588	thrombocytopenia	1.0	9	AML;BioPortal;DisMatch;KEPLER;LogMap;PAXO;POMAP;Tool1;YAM	14	AML;BioPortal;DisMatch_ar;DisMatch_sg;DisMatch_tr;KEPLER;LogMap;LogMapBio;LogMapLite;PAXO_Relaxed;PAXO_Strict;POMAP;Tool1;YAMBIO
http://purl.obolibrary.org/obo/MP_0004038	lymphectasia	http://purl.obolibrary.org/obo/DOID_2402	lymphangiectasis (morphologic abnormality)	0.9571428571428571	8	AML;BioPortal;DisMatch;KEPLER;LogMap;POMAP;Tool1;YAM	12	AML;BioPortal;DisMatch_ar;DisMatch_sg;DisMatch_tr;KEPLER;LogMap;LogMapBio;LogMapLite;POMAP;Tool1;YAMBIO
http://purl.obolibrary.org/obo/MP_0003195	calcinosis	http://purl.obolibrary.org/obo/DOID_182	calcinosis	1.0	9	AML;BioPortal;DisMatch;KEPLER;LogMap;PAXO;POMAP;Tool1;YAM	14	AML;BioPortal;DisMatch_ar;DisMatch_sg;DisMatch_tr;KEPLER;LogMap;LogMapBio;LogMapLite;PAXO_Relaxed;PAXO_Strict;POMAP;Tool1;YAMBIO
http://purl.obolibrary.org/obo/MP_0010711	persistent hyperplastic primary vitreous	http://purl.obolibrary.org/obo/DOID_0060282	persistent hyperplastic primary vitreous	1.0	9	AML;BioPortal;DisMatch;KEPLER;LogMap;PAXO;POMAP;Tool1;YAM	14	AML;BioPortal;DisMatch_ar;DisMatch_sg;DisMatch_tr;KEPLER;LogMap;LogMapBio;LogMapLite;PAXO_Relaxed;PAXO_Strict;POMAP;Tool1;YAMBIO
http://purl.obolibrary.org/obo/MP_0004020	hydramnios	http://purl.obolibrary.org/obo/DOID_8488	polyhydramnios	1.0	9	AML;BioPortal;DisMatch;KEPLER;LogMap;PAXO;POMAP;Tool1;YAM	14	AML;BioPortal;DisMatch_ar;DisMatch_sg;DisMatch_tr;KEPLER;LogMap;LogMapBio;LogMapLite;PAXO_Relaxed;PAXO_Strict;POMAP;Tool1;YAMBIO
http://purl.obolibrary.org/obo/MP_0003139	patent arterial duct	http://purl.obolibrary.org/obo/DOID_13832	ductus arteriosus, patent	1.0	9	AML;BioPortal;DisMatch;KEPLER;LogMap;PAXO;POMAP;Tool1;YAM	14	AML;BioPortal;DisMatch_ar;DisMatch_sg;DisMatch_tr;KEPLER;LogMap;LogMapBio;LogMapLite;PAXO_Relaxed;PAXO_Strict;POMAP;Tool1;YAMBIO
http://purl.obolibrary.org/obo/MP_0005312	dropsy of pericardium	http://purl.obolibrary.org/obo/DOID_118	pericardial effusion	1.0	9	AML;BioPortal;DisMatch;KEPLER;LogMap;PAXO;POMAP;Tool1;YAM	14	AML;BioPortal;DisMatch_ar;DisMatch_sg;DisMatch_tr;KEPLER;LogMap;LogMapBio;LogMapLite;PAXO_Relaxed;PAXO_Strict;POMAP;Tool1;YAMBIO
http://purl.obolibrary.org/obo/MP_0005323	dystonia	http://purl.obolibrary.org/obo/DOID_543	dystonic disease	0.9571428571428571	8	AML;BioPortal;DisMatch;KEPLER;LogMap;PAXO;POMAP;YAM	13	AML;BioPortal;DisMatch_ar;DisMatch_sg;DisMatch_tr;KEPLER;LogMap;LogMapBio;LogMapLite;PAXO_Relaxed;PAXO_Strict;POMAP;YAMBIO
http://purl.obolibrary.org/obo/MP_0005330	cardiomyopathy	http://purl.obolibrary.org/obo/DOID_0050700	cardiomyopathy	1.0	9	AML;BioPortal;DisMatch;KEPLER;LogMap;PAXO;POMAP;Tool1;YAM	14	AML;BioPortal;DisMatch_ar;DisMatch_sg;DisMatch_tr;KEPLER;LogMap;LogMapBio;LogMapLite;PAXO_Relaxed;PAXO_Strict;POMAP;Tool1;YAMBIO
http://purl.obolibrary.org/obo/MP_0003116	abnormal bone calcification	http://purl.obolibrary.org/obo/DOID_10609	vitamin d-dependent rickets	1.0	9	AML;BioPortal;DisMatch;KEPLER;LogMap;PAXO;POMAP;Tool1;YAM	14	AML;BioPortal;DisMatch_ar;DisMatch_sg;DisMatch_tr;KEPLER;LogMap;LogMapBio;LogMapLite;PAXO_Relaxed;PAXO_Strict;POMAP;Tool1;YAMBIO
http://purl.obolibrary.org/obo/MP_0002269	muscular atrophy	http://purl.obolibrary.org/obo/DOID_767	muscle wasting	1.0	9	AML;BioPortal;DisMatch;KEPLER;LogMap;PAXO;POMAP;Tool1;YAM	14	AML;BioPortal;DisMatch_ar;DisMatch_sg;DisMatch_tr;KEPLER;LogMap;LogMapBio;LogMapLite;PAXO_Relaxed;PAXO_Strict;POMAP;Tool1;YAMBIO
http://purl.obolibrary.org/obo/MP_0005302	neuropathic bladder	http://purl.obolibrary.org/obo/DOID_12143	neurogenic dysfunction of the urinary bladder	1.0	9	AML;BioPortal;DisMatch;KEPLER;LogMap;PAXO;POMAP;Tool1;YAM	14	AML;BioPortal;DisMatch_ar;DisMatch_sg;DisMatch_tr;KEPLER;LogMap;LogMapBio;LogMapLite;PAXO_Relaxed;PAXO_Strict;POMAP;Tool1;YAMBIO
http://purl.obolibrary.org/obo/MP_0006296	arachnodactyly	http://purl.obolibrary.org/obo/DOID_0050455	arachnodactyly	0.9571428571428571	8	AML;BioPortal;DisMatch;KEPLER;LogMap;POMAP;Tool1;YAM	12	AML;BioPortal;DisMatch_ar;DisMatch_sg;DisMatch_tr;KEPLER;LogMap;LogMapBio;LogMapLite;POMAP;Tool1;YAMBIO
http://purl.obolibrary.org/obo/MP_0000519	hydropic kidney	http://purl.obolibrary.org/obo/DOID_11111	hydronephrosis	1.0	9	AML;BioPortal;DisMatch;KEPLER;LogMap;PAXO;POMAP;Tool1;YAM	14	AML;BioPortal;DisMatch_ar;DisMatch_sg;DisMatch_tr;KEPLER;LogMap;LogMapBio;LogMapLite;PAXO_Relaxed;PAXO_Strict;POMAP;Tool1;YAMBIO
http://purl.obolibrary.org/obo/MP_0006278	aortic aneurysm	http://purl.obolibrary.org/obo/DOID_3627	aortic aneurysm of unspecified site, ruptured	1.0	9	AML;BioPortal;DisMatch;KEPLER;LogMap;PAXO;POMAP;Tool1;YAM	14	AML;BioPortal;DisMatch_ar;DisMatch_sg;DisMatch_tr;KEPLER;LogMap;LogMapBio;LogMapLite;PAXO_Relaxed;PAXO_Strict;POMAP;Tool1;YAMBIO
http://purl.obolibrary.org/obo/MP_0009792	seborrheic dermatitis	http://purl.obolibrary.org/obo/DOID_8741	seborrhea	1.0	9	AML;BioPortal;DisMatch;KEPLER;LogMap;PAXO;POMAP;Tool1;YAM	14	AML;BioPortal;DisMatch_ar;DisMatch_sg;DisMatch_tr;KEPLER;LogMap;LogMapBio;LogMapLite;PAXO_Relaxed;PAXO_Strict;POMAP;Tool1;YAMBIO
http://purl.obolibrary.org/obo/MP_0013805	myeloid metaplasia	http://purl.obolibrary.org/obo/DOID_2528	myeloid metaplasia	0.9571428571428571	8	AML;BioPortal;DisMatch;KEPLER;LogMap;POMAP;Tool1;YAM	12	AML;BioPortal;DisMatch_ar;DisMatch_sg;DisMatch_tr;KEPLER;LogMap;LogMapBio;LogMapLite;POMAP;Tool1;YAMBIO
http://purl.obolibrary.org/obo/MP_0006248	lagophthalmos	http://purl.obolibrary.org/obo/DOID_12959	lagophthalmos	1.0	9	AML;BioPortal;DisMatch;KEPLER;LogMap;PAXO;POMAP;Tool1;YAM	14	AML;BioPortal;DisMatch_ar;DisMatch_sg;DisMatch_tr;KEPLER;LogMap;LogMapBio;LogMapLite;PAXO_Relaxed;PAXO_Strict;POMAP;Tool1;YAMBIO
http://purl.obolibrary.org/obo/MP_0006261	annular pancreas	http://purl.obolibrary.org/obo/DOID_0060850	annular pancreas	1.0	9	AML;BioPortal;DisMatch;KEPLER;LogMap;PAXO;POMAP;Tool1;YAM	14	AML;BioPortal;DisMatch_ar;DisMatch_sg;DisMatch_tr;KEPLER;LogMap;LogMapBio;LogMapLite;PAXO_Relaxed;PAXO_Strict;POMAP;Tool1;YAMBIO
http://purl.obolibrary.org/obo/MP_0003197	calcified kidney	http://purl.obolibrary.org/obo/DOID_12679	nephrocalcinosis	1.0	9	AML;BioPortal;DisMatch;KEPLER;LogMap;PAXO;POMAP;Tool1;YAM	14	AML;BioPortal;DisMatch_ar;DisMatch_sg;DisMatch_tr;KEPLER;LogMap;LogMapBio;LogMapLite;PAXO_Relaxed;PAXO_Strict;POMAP;Tool1;YAMBIO
http://purl.obolibrary.org/obo/MP_0006234	iridoschisis	http://purl.obolibrary.org/obo/DOID_11002	iridoschisis	0.9571428571428571	8	AML;BioPortal;DisMatch;KEPLER;LogMap;POMAP;Tool1;YAM	12	AML;BioPortal;DisMatch_ar;DisMatch_sg;DisMatch_tr;KEPLER;LogMap;LogMapBio;LogMapLite;POMAP;Tool1;YAMBIO
http://purl.obolibrary.org/obo/MP_0002766	situs inversus viscerum	http://purl.obolibrary.org/obo/DOID_758	complete transposition (morphologic abnormality)	1.0	9	AML;BioPortal;DisMatch;KEPLER;LogMap;PAXO;POMAP;Tool1;YAM	14	AML;BioPortal;DisMatch_ar;DisMatch_sg;DisMatch_tr;KEPLER;LogMap;LogMapBio;LogMapLite;PAXO_Relaxed;PAXO_Strict;POMAP;Tool1;YAMBIO
http://purl.obolibrary.org/obo/MP_0003623	hydrocele testis	http://purl.obolibrary.org/obo/DOID_9912	hydrocele	1.0	9	AML;BioPortal;DisMatch;KEPLER;LogMap;PAXO;POMAP;Tool1;YAM	14	AML;BioPortal;DisMatch_ar;DisMatch_sg;DisMatch_tr;KEPLER;LogMap;LogMapBio;LogMapLite;PAXO_Relaxed;PAXO_Strict;POMAP;Tool1;YAMBIO
http://purl.obolibrary.org/obo/MP_0003624	anuria	http://purl.obolibrary.org/obo/DOID_2983	suppression of urinary secretion	1.0	9	AML;BioPortal;DisMatch;KEPLER;LogMap;PAXO;POMAP;Tool1;YAM	14	AML;BioPortal;DisMatch_ar;DisMatch_sg;DisMatch_tr;KEPLER;LogMap;LogMapBio;LogMapLite;PAXO_Relaxed;PAXO_Strict;POMAP;Tool1;YAMBIO
http://purl.obolibrary.org/obo/MP_0000111	cleft palate	http://purl.obolibrary.org/obo/DOID_674	cleft palate	1.0	9	AML;BioPortal;DisMatch;KEPLER;LogMap;PAXO;POMAP;Tool1;YAM	14	AML;BioPortal;DisMatch_ar;DisMatch_sg;DisMatch_tr;KEPLER;LogMap;LogMapBio;LogMapLite;PAXO_Relaxed;PAXO_Strict;POMAP;Tool1;YAMBIO
http://purl.obolibrary.org/obo/MP_0000566	synostosis	http://purl.obolibrary.org/obo/DOID_11971	synostosis	1.0	9	AML;BioPortal;DisMatch;KEPLER;LogMap;PAXO;POMAP;Tool1;YAM	14	AML;BioPortal;DisMatch_ar;DisMatch_sg;DisMatch_tr;KEPLER;LogMap;LogMapBio;LogMapLite;PAXO_Relaxed;PAXO_Strict;POMAP;Tool1;YAMBIO
http://purl.obolibrary.org/obo/MP_0002743	glomerular nephritis	http://purl.obolibrary.org/obo/DOID_2921	glomerulonephritis	1.0	9	AML;BioPortal;DisMatch;KEPLER;LogMap;PAXO;POMAP;Tool1;YAM	14	AML;BioPortal;DisMatch_ar;DisMatch_sg;DisMatch_tr;KEPLER;LogMap;LogMapBio;LogMapLite;PAXO_Relaxed;PAXO_Strict;POMAP;Tool1;YAMBIO
http://purl.obolibrary.org/obo/MP_0001890	anencephalia	http://purl.obolibrary.org/obo/DOID_0060668	anencephaly	1.0	9	AML;BioPortal;DisMatch;KEPLER;LogMap;PAXO;POMAP;Tool1;YAM	14	AML;BioPortal;DisMatch_ar;DisMatch_sg;DisMatch_tr;KEPLER;LogMap;LogMapBio;LogMapLite;PAXO_Relaxed;PAXO_Strict;POMAP;Tool1;YAMBIO
http://purl.obolibrary.org/obo/MP_0000562	polydactylism	http://purl.obolibrary.org/obo/DOID_1148	postaxial polydactyly	0.9571428571428571	8	AML;BioPortal;DisMatch;KEPLER;LogMap;PAXO;Tool1;YAM	12	AML;BioPortal;DisMatch_ar;DisMatch_sg;DisMatch_tr;KEPLER;LogMapBio;LogMapLite;PAXO_Relaxed;PAXO_Strict;Tool1;YAMBIO
http://purl.obolibrary.org/obo/MP_0000564	syndactyly	http://purl.obolibrary.org/obo/DOID_11193	symphalangism	1.0	9	AML;BioPortal;DisMatch;KEPLER;LogMap;PAXO;POMAP;Tool1;YAM	14	AML;BioPortal;DisMatch_ar;DisMatch_sg;DisMatch_tr;KEPLER;LogMap;LogMapBio;LogMapLite;PAXO_Relaxed;PAXO_Strict;POMAP;Tool1;YAMBIO
http://purl.obolibrary.org/obo/MP_0012545	spinal cord cyst	http://purl.obolibrary.org/obo/DOID_327	syringomyelia	1.0	9	AML;BioPortal;DisMatch;KEPLER;LogMap;PAXO;POMAP;Tool1;YAM	14	AML;BioPortal;DisMatch_ar;DisMatch_sg;DisMatch_tr;KEPLER;LogMap;LogMapBio;LogMapLite;PAXO_Relaxed;PAXO_Strict;POMAP;Tool1;YAMBIO
http://purl.obolibrary.org/obo/MP_0000576	club foot	http://purl.obolibrary.org/obo/DOID_11836	congenital clubfoot	1.0	9	AML;BioPortal;DisMatch;KEPLER;LogMap;PAXO;POMAP;Tool1;YAM	14	AML;BioPortal;DisMatch_ar;DisMatch_sg;DisMatch_tr;KEPLER;LogMap;LogMapBio;LogMapLite;PAXO_Relaxed;PAXO_Strict;POMAP;Tool1;YAMBIO
http://purl.obolibrary.org/obo/MP_0003606	renal failure	http://purl.obolibrary.org/obo/DOID_1074	renal failure	1.0	9	AML;BioPortal;DisMatch;KEPLER;LogMap;PAXO;POMAP;Tool1;YAM	14	AML;BioPortal;DisMatch_ar;DisMatch_sg;DisMatch_tr;KEPLER;LogMap;LogMapBio;LogMapLite;PAXO_Relaxed;PAXO_Strict;POMAP;Tool1;YAMBIO
http://purl.obolibrary.org/obo/MP_0002750	exophthalmos	http://purl.obolibrary.org/obo/DOID_9370	exophthalmos	1.0	9	AML;BioPortal;DisMatch;KEPLER;LogMap;PAXO;POMAP;Tool1;YAM	14	AML;BioPortal;DisMatch_ar;DisMatch_sg;DisMatch_tr;KEPLER;LogMap;LogMapBio;LogMapLite;PAXO_Relaxed;PAXO_Strict;POMAP;Tool1;YAMBIO
http://purl.obolibrary.org/obo/MP_0012551	metabolic acidosis	http://purl.obolibrary.org/obo/DOID_0050758	metabolic acidosis	0.9571428571428571	8	AML;BioPortal;DisMatch;KEPLER;LogMap;PAXO;POMAP;Tool1	13	AML;BioPortal;DisMatch_ar;DisMatch_sg;DisMatch_tr;KEPLER;LogMap;LogMapBio;LogMapLite;PAXO_Relaxed;PAXO_Strict;POMAP;Tool1
http://purl.obolibrary.org/obo/MP_0012552	lactic acidosis	http://purl.obolibrary.org/obo/DOID_3650	lactic acidosis	1.0	9	AML;BioPortal;DisMatch;KEPLER;LogMap;PAXO;POMAP;Tool1;YAM	14	AML;BioPortal;DisMatch_ar;DisMatch_sg;DisMatch_tr;KEPLER;LogMap;LogMapBio;LogMapLite;PAXO_Relaxed;PAXO_Strict;POMAP;Tool1;YAMBIO
http://purl.obolibrary.org/obo/MP_0002731	megacolon	http://purl.obolibrary.org/obo/DOID_11372	megacolon	1.0	9	AML;BioPortal;DisMatch;KEPLER;LogMap;PAXO;POMAP;Tool1;YAM	14	AML;BioPortal;DisMatch_ar;DisMatch_sg;DisMatch_tr;KEPLER;LogMap;LogMapBio;LogMapLite;PAXO_Relaxed;PAXO_Strict;POMAP;Tool1;YAMBIO
http://purl.obolibrary.org/obo/MP_0001852	conjunctivitis	http://purl.obolibrary.org/obo/DOID_6195	conjunctivitis	1.0	9	AML;BioPortal;DisMatch;KEPLER;LogMap;PAXO;POMAP;Tool1;YAM	14	AML;BioPortal;DisMatch_ar;DisMatch_sg;DisMatch_tr;KEPLER;LogMap;LogMapBio;LogMapLite;PAXO_Relaxed;PAXO_Strict;POMAP;Tool1;YAMBIO
http://purl.obolibrary.org/obo/MP_0001857	pericarditis	http://purl.obolibrary.org/obo/DOID_1787	pericarditis	1.0	9	AML;BioPortal;DisMatch;KEPLER;LogMap;PAXO;POMAP;Tool1;YAM	14	AML;BioPortal;DisMatch_ar;DisMatch_sg;DisMatch_tr;KEPLER;LogMap;LogMapBio;LogMapLite;PAXO_Relaxed;PAXO_Strict;POMAP;Tool1;YAMBIO
http://purl.obolibrary.org/obo/MP_0000525	renal tubular acidosis	http://purl.obolibrary.org/obo/DOID_14219	renal tubular acidosis	1.0	9	AML;BioPortal;DisMatch;KEPLER;LogMap;PAXO;POMAP;Tool1;YAM	14	AML;BioPortal;DisMatch_ar;DisMatch_sg;DisMatch_tr;KEPLER;LogMap;LogMapBio;LogMapLite;PAXO_Relaxed;PAXO_Strict;POMAP;Tool1;YAMBIO
http://purl.obolibrary.org/obo/MP_0001856	myocarditis	http://purl.obolibrary.org/obo/DOID_820	myocardial inflammation (finding)	1.0	9	AML;BioPortal;DisMatch;KEPLER;LogMap;PAXO;POMAP;Tool1;YAM	14	AML;BioPortal;DisMatch_ar;DisMatch_sg;DisMatch_tr;KEPLER;LogMap;LogMapBio;LogMapLite;PAXO_Relaxed;PAXO_Strict;POMAP;Tool1;YAMBIO
http://purl.obolibrary.org/obo/MP_0002708	renal calculi	http://purl.obolibrary.org/obo/DOID_585	urolithiasis, calcium oxalate	1.0	9	AML;BioPortal;DisMatch;KEPLER;LogMap;PAXO;POMAP;Tool1;YAM	14	AML;BioPortal;DisMatch_ar;DisMatch_sg;DisMatch_tr;KEPLER;LogMap;LogMapBio;LogMapLite;PAXO_Relaxed;PAXO_Strict;POMAP;Tool1;YAMBIO
http://purl.obolibrary.org/obo/MP_0001864	angiitis	http://purl.obolibrary.org/obo/DOID_865	angiitis	1.0	9	AML;BioPortal;DisMatch;KEPLER;LogMap;PAXO;POMAP;Tool1;YAM	14	AML;BioPortal;DisMatch_ar;DisMatch_sg;DisMatch_tr;KEPLER;LogMap;LogMapBio;LogMapLite;PAXO_Relaxed;PAXO_Strict;POMAP;Tool1;YAMBIO
http://purl.obolibrary.org/obo/MP_0001867	rhinitis	http://purl.obolibrary.org/obo/DOID_4483	runny nose	1.0	9	AML;BioPortal;DisMatch;KEPLER;LogMap;PAXO;POMAP;Tool1;YAM	14	AML;BioPortal;DisMatch_ar;DisMatch_sg;DisMatch_tr;KEPLER;LogMap;LogMapBio;LogMapLite;PAXO_Relaxed;PAXO_Strict;POMAP;Tool1;YAMBIO
http://purl.obolibrary.org/obo/MP_0012171	hypamnios	http://purl.obolibrary.org/obo/DOID_12215	delivered oligohydramnios	1.0	9	AML;BioPortal;DisMatch;KEPLER;LogMap;PAXO;POMAP;Tool1;YAM	14	AML;BioPortal;DisMatch_ar;DisMatch_sg;DisMatch_tr;KEPLER;LogMap;LogMapBio;LogMapLite;PAXO_Relaxed;PAXO_Strict;POMAP;Tool1;YAMBIO
http://purl.obolibrary.org/obo/MP_0000189	hypoglycemia	http://purl.obolibrary.org/obo/DOID_9993	hypoglycemia	1.0	9	AML;BioPortal;DisMatch;KEPLER;LogMap;PAXO;POMAP;Tool1;YAM	14	AML;BioPortal;DisMatch_ar;DisMatch_sg;DisMatch_tr;KEPLER;LogMap;LogMapBio;LogMapLite;PAXO_Relaxed;PAXO_Strict;POMAP;Tool1;YAMBIO
http://purl.obolibrary.org/obo/MP_0000161	scoliosis	http://purl.obolibrary.org/obo/DOID_0060249	scoliosis	1.0	9	AML;BioPortal;DisMatch;KEPLER;LogMap;PAXO;POMAP;Tool1;YAM	14	AML;BioPortal;DisMatch_ar;DisMatch_sg;DisMatch_tr;KEPLER;LogMap;LogMapBio;LogMapLite;PAXO_Relaxed;PAXO_Strict;POMAP;Tool1;YAMBIO
http://purl.obolibrary.org/obo/MP_0013479	scleritis	http://purl.obolibrary.org/obo/DOID_13452	scleritis	1.0	9	AML;BioPortal;DisMatch;KEPLER;LogMap;PAXO;POMAP;Tool1;YAM	14	AML;BioPortal;DisMatch_ar;DisMatch_sg;DisMatch_tr;KEPLER;LogMap;LogMapBio;LogMapLite;PAXO_Relaxed;PAXO_Strict;POMAP;Tool1;YAMBIO
http://purl.obolibrary.org/obo/MP_0003689	ophthalmoplegia	http://purl.obolibrary.org/obo/DOID_539	total ophthalmoplegia	1.0	9	AML;BioPortal;DisMatch;KEPLER;LogMap;PAXO;POMAP;Tool1;YAM	14	AML;BioPortal;DisMatch_ar;DisMatch_sg;DisMatch_tr;KEPLER;LogMap;LogMapBio;LogMapLite;PAXO_Relaxed;PAXO_Strict;POMAP;Tool1;YAMBIO
http://purl.obolibrary.org/obo/MP_0012121	sclerocornea	http://purl.obolibrary.org/obo/DOID_0060252	sclerocornea	1.0	9	AML;BioPortal;DisMatch;KEPLER;LogMap;PAXO;POMAP;Tool1;YAM	14	AML;BioPortal;DisMatch_ar;DisMatch_sg;DisMatch_tr;KEPLER;LogMap;LogMapBio;LogMapLite;PAXO_Relaxed;PAXO_Strict;POMAP;Tool1;YAMBIO
http://purl.obolibrary.org/obo/MP_0004514	dystocia	http://purl.obolibrary.org/obo/DOID_8494	dystocia	0.9571428571428571	8	AML;BioPortal;DisMatch;KEPLER;LogMap;POMAP;Tool1;YAM	12	AML;BioPortal;DisMatch_ar;DisMatch_sg;DisMatch_tr;KEPLER;LogMap;LogMapBio;LogMapLite;POMAP;Tool1;YAMBIO
http://purl.obolibrary.org/obo/MP_0003665	endophthalmitis	http://purl.obolibrary.org/obo/DOID_4692	endophthalmitis	1.0	9	AML;BioPortal;DisMatch;KEPLER;LogMap;PAXO;POMAP;Tool1;YAM	14	AML;BioPortal;DisMatch_ar;DisMatch_sg;DisMatch_tr;KEPLER;LogMap;LogMapBio;LogMapLite;PAXO_Relaxed;PAXO_Strict;POMAP;Tool1;YAMBIO
http://purl.obolibrary.org/obo/MP_0004510	skeletal muscle inflammation	http://purl.obolibrary.org/obo/DOID_633	inflammatory disorder of muscle (disorder)	1.0	9	AML;BioPortal;DisMatch;KEPLER;LogMap;PAXO;POMAP;Tool1;YAM	14	AML;BioPortal;DisMatch_ar;DisMatch_sg;DisMatch_tr;KEPLER;LogMap;LogMapBio;LogMapLite;PAXO_Relaxed;PAXO_Strict;POMAP;Tool1;YAMBIO
http://purl.obolibrary.org/obo/MP_0000160	humpback	http://purl.obolibrary.org/obo/DOID_4667	kyphosis	0.9571428571428571	8	AML;BioPortal;DisMatch;KEPLER;LogMap;POMAP;Tool1;YAM	12	AML;BioPortal;DisMatch_ar;DisMatch_sg;DisMatch_tr;KEPLER;LogMap;LogMapBio;LogMapLite;POMAP;Tool1;YAMBIO
http://purl.obolibrary.org/obo/MP_0013466	dry eye syndrome	http://purl.obolibrary.org/obo/DOID_12895	keratoconjunctivitis sicca	0.9571428571428571	8	AML;BioPortal;DisMatch;KEPLER;LogMap;PAXO;Tool1;YAM	12	AML;BioPortal;DisMatch_ar;DisMatch_sg;DisMatch_tr;KEPLER;LogMapBio;LogMapLite;PAXO_Relaxed;PAXO_Strict;Tool1;YAMBIO
http://purl.obolibrary.org/obo/MP_0002787	pseudohermaphroditism	http://purl.obolibrary.org/obo/DOID_3765	pseudohermaphroditism	1.0	9	AML;BioPortal;DisMatch;KEPLER;LogMap;PAXO;POMAP;Tool1;YAM	14	AML;BioPortal;DisMatch_ar;DisMatch_sg;DisMatch_tr;KEPLER;LogMap;LogMapBio;LogMapLite;PAXO_Relaxed;PAXO_Strict;POMAP;Tool1;YAMBIO
http://purl.obolibrary.org/obo/MP_0002791	steatorrhea	http://purl.obolibrary.org/obo/DOID_10602	steatorrhea	1.0	9	AML;BioPortal;DisMatch;KEPLER;LogMap;PAXO;POMAP;Tool1;YAM	14	AML;BioPortal;DisMatch_ar;DisMatch_sg;DisMatch_tr;KEPLER;LogMap;LogMapBio;LogMapLite;PAXO_Relaxed;PAXO_Strict;POMAP;Tool1;YAMBIO
http://purl.obolibrary.org/obo/MP_0002795	dilated cardiomyopathy	http://purl.obolibrary.org/obo/DOID_12930	familial dilated cardiomyopathy	1.0	9	AML;BioPortal;DisMatch;KEPLER;LogMap;PAXO;POMAP;Tool1;YAM	14	AML;BioPortal;DisMatch_ar;DisMatch_sg;DisMatch_tr;KEPLER;LogMap;LogMapBio;LogMapLite;PAXO_Relaxed;PAXO_Strict;POMAP;Tool1;YAMBIO
http://purl.obolibrary.org/obo/MP_0010822	pneumothorax	http://purl.obolibrary.org/obo/DOID_1673	pneumothorax	1.0	9	AML;BioPortal;DisMatch;KEPLER;LogMap;PAXO;POMAP;Tool1;YAM	14	AML;BioPortal;DisMatch_ar;DisMatch_sg;DisMatch_tr;KEPLER;LogMap;LogMapBio;LogMapLite;PAXO_Relaxed;PAXO_Strict;POMAP;Tool1;YAMBIO
http://purl.obolibrary.org/obo/MP_0003276	esophageal atresia	http://purl.obolibrary.org/obo/DOID_10485	congenital imperforate esophagus	1.0	9	AML;BioPortal;DisMatch;KEPLER;LogMap;PAXO;POMAP;Tool1;YAM	14	AML;BioPortal;DisMatch_ar;DisMatch_sg;DisMatch_tr;KEPLER;LogMap;LogMapBio;LogMapLite;PAXO_Relaxed;PAXO_Strict;POMAP;Tool1;YAMBIO
http://purl.obolibrary.org/obo/MP_0008970	internal nares atresia	http://purl.obolibrary.org/obo/DOID_9574	posterior choanal atresia	1.0	9	AML;BioPortal;DisMatch;KEPLER;LogMap;PAXO;POMAP;Tool1;YAM	14	AML;BioPortal;DisMatch_ar;DisMatch_sg;DisMatch_tr;KEPLER;LogMap;LogMapBio;LogMapLite;PAXO_Relaxed;PAXO_Strict;POMAP;Tool1;YAMBIO
http://purl.obolibrary.org/obo/MP_0003282	gastric ulcer	http://purl.obolibrary.org/obo/DOID_10808	acute gastric ulcer with perforation	1.0	9	AML;BioPortal;DisMatch;KEPLER;LogMap;PAXO;POMAP;Tool1;YAM	14	AML;BioPortal;DisMatch_ar;DisMatch_sg;DisMatch_tr;KEPLER;LogMap;LogMapBio;LogMapLite;PAXO_Relaxed;PAXO_Strict;POMAP;Tool1;YAMBIO
http://purl.obolibrary.org/obo/MP_0003294	intussusception	http://purl.obolibrary.org/obo/DOID_8446	intussusception nos (disorder)	1.0	9	AML;BioPortal;DisMatch;KEPLER;LogMap;PAXO;POMAP;Tool1;YAM	14	AML;BioPortal;DisMatch_ar;DisMatch_sg;DisMatch_tr;KEPLER;LogMap;LogMapBio;LogMapLite;PAXO_Relaxed;PAXO_Strict;POMAP;Tool1;YAMBIO
http://purl.obolibrary.org/obo/MP_0004119	hypopotassemia	http://purl.obolibrary.org/obo/DOID_4500	hypopotassemia 	1.0	9	AML;BioPortal;DisMatch;KEPLER;LogMap;PAXO;POMAP;Tool1;YAM	14	AML;BioPortal;DisMatch_ar;DisMatch_sg;DisMatch_tr;KEPLER;LogMap;LogMapBio;LogMapLite;PAXO_Relaxed;PAXO_Strict;POMAP;Tool1;YAMBIO
http://purl.obolibrary.org/obo/MP_0003267	constipation	http://purl.obolibrary.org/obo/DOID_2089	constipation	1.0	9	AML;BioPortal;DisMatch;KEPLER;LogMap;PAXO;POMAP;Tool1;YAM	14	AML;BioPortal;DisMatch_ar;DisMatch_sg;DisMatch_tr;KEPLER;LogMap;LogMapBio;LogMapLite;PAXO_Relaxed;PAXO_Strict;POMAP;Tool1;YAMBIO
http://purl.obolibrary.org/obo/MP_0003273	duodenal ulcer	http://purl.obolibrary.org/obo/DOID_1724	stress ulcer	1.0	9	AML;BioPortal;DisMatch;KEPLER;LogMap;PAXO;POMAP;Tool1;YAM	14	AML;BioPortal;DisMatch_ar;DisMatch_sg;DisMatch_tr;KEPLER;LogMap;LogMapBio;LogMapLite;PAXO_Relaxed;PAXO_Strict;POMAP;Tool1;YAMBIO
http://purl.obolibrary.org/obo/MP_0003270	intestinal obstruction	http://purl.obolibrary.org/obo/DOID_8437	intestinal obstruction	1.0	9	AML;BioPortal;DisMatch;KEPLER;LogMap;PAXO;POMAP;Tool1;YAM	14	AML;BioPortal;DisMatch_ar;DisMatch_sg;DisMatch_tr;KEPLER;LogMap;LogMapBio;LogMapLite;PAXO_Relaxed;PAXO_Strict;POMAP;Tool1;YAMBIO
http://purl.obolibrary.org/obo/MP_0005415	intrahepatic bile stasis	http://purl.obolibrary.org/obo/DOID_1852	intrahepatic cholestasis of pregnancy	1.0	9	AML;BioPortal;DisMatch;KEPLER;LogMap;PAXO;POMAP;Tool1;YAM	14	AML;BioPortal;DisMatch_ar;DisMatch_sg;DisMatch_tr;KEPLER;LogMap;LogMapBio;LogMapLite;PAXO_Relaxed;PAXO_Strict;POMAP;Tool1;YAMBIO
http://purl.obolibrary.org/obo/MP_0005414	extrahepatic bile duct obstruction	http://purl.obolibrary.org/obo/DOID_13619	extrahepatic obstructive biliary disease (disorder)	1.0	9	AML;BioPortal;DisMatch;KEPLER;LogMap;PAXO;POMAP;Tool1;YAM	14	AML;BioPortal;DisMatch_ar;DisMatch_sg;DisMatch_tr;KEPLER;LogMap;LogMapBio;LogMapLite;PAXO_Relaxed;PAXO_Strict;POMAP;Tool1;YAMBIO
http://purl.obolibrary.org/obo/MP_0005422	bone sclerosis	http://purl.obolibrary.org/obo/DOID_4254	osteosclerosis	1.0	9	AML;BioPortal;DisMatch;KEPLER;LogMap;PAXO;POMAP;Tool1;YAM	14	AML;BioPortal;DisMatch_ar;DisMatch_sg;DisMatch_tr;KEPLER;LogMap;LogMapBio;LogMapLite;PAXO_Relaxed;PAXO_Strict;POMAP;Tool1;YAMBIO
